{
    "target": "cobblemon:applin",
    "implemented": true,
		  "shoulderMountable": true,
    "baseScale": 0.4,
    "hitbox": {
        "width": 0.3,
        "height": 0.4,
        "fixed": false
    },
	    "behaviour": {
        "resting": {
            "canSleep": true,
            "depth": "normal",
            "light": "0-4"
        },
        "moving": {
            "canLook": false,
            "walk": {
				"walkSpeed": 0.145,
                "canWalk": true,
                "avoidsLand": false
            },
            "swim": {
                "swimSpeed": 0.1,
                "canSwimInWater": true,
                "canBreatheUnderwater": false
            }
        }
    },
    "drops": {
    "amount": 2,
    "entries": [
      {
        "item": "cobblemon:sweet_apple",
        "percentage": 25
      },
      {
        "item": "cobblemon:tart_apple",
        "percentage": 25
      }
    ]
  },
    "evolutions": [
        {
          "id": "applin_dipplin_2",
          "variant": "item_interact",
          "result": "dipplin",
          "consumeHeldItem": false,
          "learnableMoves": [
            "doublehit"
          ],
          "requirements": [],
          "requiredContext": "minecraft:honeycomb"
        }
      ]
    
}