{
    "target": "cobblemon:buzzwole",
	"implemented": true,
	"behaviour": {
        "resting": {
            "canSleep": true,
            "depth": "normal",
            "light": "0-4"
        },
        "moving": {
            "canLook": false,
            "walk": {
				"walkSpeed": 0.175,
                "canWalk": true,
                "avoidsLand": false
            },
            "swim": {
                "swimSpeed": 0.1,
                "canSwimInWater": false,
                "canBreatheUnderwater": false
            }
        }
    },
	  "baseScale": 1.0,
  "hitbox": {
    "width": 1.8,
    "height": 3,
    "fixed": false
  }
}