{
    "target": "cobblemon:dipplin",
    "implemented": true,
    "baseScale": 0.4,
    "hitbox": {
        "width": 0.5,
        "height": 0.5,
        "fixed": false
    },
	    "drops": {
        "amount": "1",
        "entries": [
        {"item": "minecraft:apple", "quantityRange": "1-2", "percentage": 50}
        ]
    },
	    "behaviour": {
        "resting": {
            "canSleep": true,
            "depth": "normal",
            "light": "0-4"
        },
        "moving": {
            "canLook": false,
            "walk": {
				"walkSpeed": 0.175,
                "canWalk": true,
                "avoidsLand": false
            },
            "swim": {
                "swimSpeed": 0.1,
                "canSwimInWater": false,
                "canBreatheUnderwater": false
            }
        }
    },
    "evolutions": [
        {
          "id": "dipplin_hydrapple2",
          "variant": "item_interact",
          "result": "dipplin",
          "consumeHeldItem": false,
          "learnableMoves": [
            "ficklebeam"
          ],
          "requirements": [],
          "requiredContext": "minecraft:dragon_breath"
        }
      ]
}