{
 "target": "cobblemon:ditto",
 "drops": {
    "amount": 18,
    "entries": [
      {
        "item": "mega_showdown:fire_tera_shard",
        "quantityRange": "2-4"
      },
      {
        "item": "mega_showdown:ice_tera_shard",
        "quantityRange": "2-4"
      },
      {
        "item": "mega_showdown:electric_tera_shard",
        "quantityRange": "2-4"
      },
      {
        "item": "mega_showdown:grass_tera_shard",
        "quantityRange": "2-4"
      },
      {
        "item": "mega_showdown:psychic_tera_shard",
        "quantityRange": "2-4"
      },
      {
        "item": "mega_showdown:dark_tera_shard",
        "quantityRange": "2-4"
      },
      {
        "item": "mega_showdown:water_tera_shard",
        "quantityRange": "2-4"
      },
      {
        "item": "mega_showdown:fairy_tera_shard",
        "quantityRange": "2-4"
      },
      {
        "item": "mega_showdown:steel_tera_shard",
        "quantityRange": "2-4"
      },
      {
        "item": "mega_showdown:bug_tera_shard",
        "quantityRange": "2-4"
      },
      {
        "item": "mega_showdown:ground_tera_shard",
        "quantityRange": "2-4"
      },
      {
        "item": "mega_showdown:rock_tera_shard",
        "quantityRange": "2-4"
      },
      {
        "item": "mega_showdown:flying_tera_shard",
        "quantityRange": "2-4"
      },
      {
        "item": "mega_showdown:dragon_tera_shard",
        "quantityRange": "2-4"
      },
      {
        "item": "mega_showdown:fighting_tera_shard",
        "quantityRange": "2-4"
      },
      {
        "item": "mega_showdown:ghost_tera_shard",
        "quantityRange": "2-4"
      },
      {
        "item": "mega_showdown:normal_tera_shard",
        "quantityRange": "2-4"
      },
      {
        "item": "mega_showdown:poison_tera_shard",
        "quantityRange": "2-4"
      },
      {
        "item": "mega_showdown:stellar_tera_shard",
        "quantityRange": "2-4"
      }
    ]
  }

}