{
    "target": "cobblemon:magearna",
        "behaviour": {
        "resting": {
            "canSleep": false,
            "depth": "normal",
            "light": "4-15"
        },
        "moving": {
            "canLook": true,
            "walk": {
                "canWalk": true,
				"walkSpeed": 0.250,
                "avoidsLand": false
            },
            "swim": {
                "swimSpeed": 0.1,
                "canSwimInWater": true,
                "canBreatheUnderwater": false
            },
			"fly": {
			"canFly": false
			}
        }
    },
	"shoulderMountable": false,
    "baseScale": 0.6,
    "hitbox": {
        "width": 1.2,
        "height": 2.5,
        "fixed": false
    },
    "drops": {
    "amount": 5,
    "entries": [
      {
        "item": "cobblemon:rare_candy",
        "quantityRange": "2-6"
      },
      {
        "item": "cobblemon:steel_gem",
        "percentage": 50.0
      },
      {
        "item": "minecraft:nether_star",
        "percentage": 8.0
      },
      {
        "item": "cobblemon:ability_capsule",
        "percentage": 25.0
      },
      {
        "item": "cobblemon:ability_patch",
        "percentage": 10.0
      }
    ]
  }
}