{
    "target": "cobblemon:pyroar",   
    "implemented": true,
    "baseScale": 0.8,
    "hitbox": {
      "width": 1.0,
      "height": 1.6,
      "fixed": false
    },
    "drops": {
    "amount": "4",
      "entries": [
        {
          "item": "minecraft:rotten_flesh",
          "quantityRange": "0-2"
        },
        {
          "item": "minecraft:blaze_powder",
          "percentage": 10.0
        },
        {
          "item": "cobblemon:rawst_berry",
          "percentage": 5.0
        }
  
      ]
    },
    "behaviour": {
      "resting": {
        "canSleep": true,
        "willSleepOnBed": true,
        "depth": "normal",
        "light": "0-4"
      }
    }
   }