{
    "target": "cobblemon:stakataka",
	"implemented": true,
    "behaviour": {
        "resting": {
            "canSleep": false,
            "depth": "normal",
            "light": "4-15"
        },
        "moving": {
            "canLook": false,
            "walk": {
                "canWalk": true,
				"walkSpeed": 0.195,
                "avoidsLand": false
            },
            "swim": {
                "swimSpeed": 0.1,
                "canSwimInWater": true,
                "canBreatheUnderwater": false
            },
			"fly": {
			"canFly": false
			}
        }
    },
	"shoulderMountable": true,
    "baseScale": 1.0,
    "hitbox": {
        "width": 3.7,
        "height": 5.6,
        "fixed": false
    }
}