{
	"format_version": "1.10.0",
	"particle_effect": {
		"description": {
			"identifier": "cobblemon:twinkletackle_target",
			"basic_render_parameters": {
				"material": "particles_blend",
				"texture": "textures/particles/star"
			}
		},
		"curves": {
			"variable.scale": {
				"type": "linear",
				"input": "v.particle_age",
				"horizontal_range": "v.particle_lifetime",
				"nodes": [0, 1, 0.77, 0]
			}
		},
		"components": {
			"minecraft:emitter_rate_instant": {
				"num_particles": 1
			},
			"minecraft:emitter_lifetime_once": {
				"active_time": 0.9
			},
			"minecraft:emitter_shape_point": {
				"offset": ["math.random(-0.1,0.1)", "math.random(-0.1,0.1)", "math.random(-0.1,0.1)"]
			},
			"minecraft:particle_lifetime_expression": {
				"max_lifetime": 0.55
			},
			"minecraft:particle_initial_spin": {
				"rotation": "math.random(0,360)"
			},
			"minecraft:particle_initial_speed": 0,
			"minecraft:particle_motion_dynamic": {},
			"minecraft:particle_appearance_billboard": {
				"size": ["1.25*variable.scale", "1.25*variable.scale"],
				"facing_camera_mode": "rotate_xyz",
				"uv": {
					"texture_width": 16,
					"texture_height": 32,
					"uv": [0, 0],
					"uv_size": [16, 16]
				}
			},
			"minecraft:particle_appearance_tinting": {
				"color": {
					"interpolant": "v.particle_age / v.particle_lifetime",
					"gradient": {
						"0.0": "#FFFFFFFF",
						"0.61": "#FFF7FF7A"
					}
				}
			}
		}
	}
}