{
	"format_version": "1.8.0",
	"animations": {
		"animation.weezing_galarian.blink": {
			"animation_length": 0.16667,
			"bones": {
				"eyebrow_left": {
					"position": {
						"0.0": [0, -1, 0],
						"0.125": [0, -1, 0],
						"0.1667": [0, 0, 0]
					}
				},
				"eyebrow_right": {
					"position": {
						"0.0": [0, -1, 0],
						"0.125": [0, -1, 0],
						"0.1667": [0, 0, 0]
					}
				},
				"eyelid_left": {
					"position": {
						"0.0": [0, 0, -0.1],
						"0.125": [0, 0, -0.1],
						"0.1667": [0, 0, 0]
					}
				},
				"eyelid_right": {
					"position": {
						"0.0": [0, 0, -0.1],
						"0.125": [0, 0, -0.1],
						"0.1667": [0, 0, 0]
					}
				}
			}
		},
		"animation.weezing_galarian.blink2": {
			"animation_length": 0.16667,
			"bones": {
				"small_eyelid_left": {
					"position": {
						"0.0": [0, 0, -0.1],
						"0.125": [0, 0, -0.1],
						"0.1667": [0, 0, 0]
					}
				},
				"small_eyelid_right": {
					"position": {
						"0.0": [0, 0, -0.1],
						"0.125": [0, 0, -0.1],
						"0.1667": [0, 0, 0]
					}
				}
			}
		},
		"animation.weezing_galarian.ground_idle": {
			"loop": true,
			"animation_length": 4.41667,
			"bones": {
				"eye_left": {
					"rotation": {
						"0.0": [0, 0, 7.5],
						"0.25": [0, 0, 7.5],
						"1.5": [0, 0, 7.5]
					}
				},
				"eyebrow_left": {
					"rotation": {
						"0.0": [0, 0, 5],
						"0.25": [0, 0, 10],
						"1.5": [0, 0, 5]
					},
					"position": {
						"0.0": [0, 0, 0],
						"0.25": [0.0104, -0.61838, 0],
						"1.5": [0, 0, 0]
					}
				},
				"eye_right": {
					"position": {
						"0.0": [0, 0, 0],
						"0.25": [0, -0.4, 0],
						"1.5": [0, 0, 0]
					}
				},
				"eyebrow_right": {
					"rotation": {
						"0.0": [0, 0, 2.5],
						"1.5": [0, 0, 2.5]
					},
					"position": {
						"0.0": [0, 0, 0],
						"0.25": [-0.02611, -0.19829, 0],
						"1.5": [0, 0, 0]
					}
				},
				"mouth_open": {
					"rotation": {
						"0.0": [10, 0, 0],
						"0.25": [27.5, 0, 0],
						"1.0": [10, 0, 0]
					}
				},
				"small_eyebrow_left": {
					"rotation": {
						"0.0": [0, 0, 5],
						"0.5": [0, 0, 12.5],
						"1.0": [0, 0, 5]
					}
				},
				"small_eyebrow_right": {
					"rotation": {
						"0.0": [0, 0, -10],
						"0.5": [0, 0, -17.5],
						"1.0": [0, 0, -10]
					}
				},
				"small_mouth_closed": {
					"rotation": {
						"0.0": [0, 0, -7.5],
						"0.5": [0, 0, 5],
						"1.0": [0, 0, -7.5]
					}
				},
				"cig": {
					"rotation": {
						"0.0": [0, 0, 0],
						"0.25": [17.5, 0, 0],
						"0.5417": [-6.81, 0, 0],
						"1.0": [0, 0, 0]
					}
				},
				"bone3": {
					"rotation": {
						"0.0": [10.41574, -1.74005, -6.58604],
						"0.25": [-13.5, 0, 0],
						"0.5": [9, 0, 0],
						"1.0": [4, 0, 0]
					},
					"position": {
						"0.0": [0, -0.48296, -0.12941],
						"0.25": [0.15964, 1.49368, -0.54121],
						"0.5": [0.47683, 4.61418, -0.57609],
						"0.75": [0.24, 988931.0478, 7.41457],
						"1.0": [0, -0.48, -0.13]
					},
					"scale": {
						"0.0": [1, 1, 1],
						"0.5": [1.38, 1, 1.93],
						"1.0": [0.9, 1, 1]
					}
				},
				"bone4": {
					"rotation": [-14, 0, 0],
					"position": {
						"0.0": [0, 0.38637, 0.10353],
						"0.25": [-1.35027, 2.8308, -1.28177],
						"0.5": [-0.21117, 5.155, -1.70163],
						"1.0": [0, 0.39, 0.1]
					},
					"scale": {
						"0.0": [1, 1, 1],
						"0.25": [1.4, 1, 1.2],
						"0.5": [1.7767, 1, 1.4533],
						"1.0": [1, 1, 1]
					}
				},
				"bone5": {
					"position": {
						"0.0": [0, -0.09659, -0.02588],
						"0.25": [-0.87248, 3.10288, -0.77857],
						"0.5": [0.41498, 7.00837, -1.68555],
						"1.0": [0, -0.1, -0.03]
					},
					"scale": {
						"0.0": [1.1, 1, 1],
						"0.5": [1.1, 1, 1.41],
						"1.0": [1.1, 1, 1]
					}
				}
			}
		}
	}
}