{
	"format_version": "1.12.0",
	"minecraft:geometry": [
		{
			"description": {
				"identifier": "geometry.iron_crown",
				"texture_width": 256,
				"texture_height": 256,
				"visible_bounds_width": 3,
				"visible_bounds_height": 5.5,
				"visible_bounds_offset": [0, 2.25, 0]
			},
			"bones": [
				{
					"name": "iron_crown",
					"pivot": [0, 0, 0]
				},
				{
					"name": "body",
					"parent": "iron_crown",
					"pivot": [0, 23.75, 0]
				},
				{
					"name": "torso",
					"parent": "body",
					"pivot": [0, 27.25, -7],
					"cubes": [
						{"origin": [-3.5, 23.25, -4], "size": [7, 8, 7], "pivot": [0, 27.25, -2], "rotation": [-10, 0, 0], "uv": [22, 92]},
						{"origin": [-3.5, 23.25, -4], "size": [7, 8, 14], "inflate": 0.1, "pivot": [0, 27.25, -2], "rotation": [-10, 0, 0], "uv": [42, 22]},
						{"origin": [-3.5, 23.25, 3], "size": [7, 8, 7], "pivot": [0, 27.25, -2], "rotation": [-10, 0, 0], "uv": [50, 99]}
					]
				},
				{
					"name": "tail",
					"parent": "torso",
					"pivot": [0, 29.91097, 6.19516],
					"rotation": [-10, 0, 0],
					"cubes": [
						{"origin": [0, 29.91097, 2.69516], "size": [0, 11, 11], "uv": [84, 44]}
					]
				},
				{
					"name": "chest",
					"parent": "torso",
					"pivot": [0, 27.75, -4],
					"cubes": [
						{"origin": [-5, 22.75, -14], "size": [10, 11, 11], "inflate": 0.1, "uv": [42, 0]},
						{"origin": [-5, 22.75, -14], "size": [10, 11, 11], "uv": [42, 44]},
						{"origin": [-0.5, 22.75, -14], "size": [1, 2, 11], "inflate": 0.01, "uv": [106, 83]}
					]
				},
				{
					"name": "chest_detail",
					"parent": "chest",
					"pivot": [0, 30.75, -10.23205],
					"cubes": [
						{"origin": [-5, 25.5, -2.16506], "size": [11, 10, 0], "pivot": [0, 30.5, -10.66506], "rotation": [30, 0, 0], "uv": [108, 62]},
						{"origin": [-5, 25.5, -18.16506], "size": [11, 10, 0], "pivot": [0, 30.5, -10.66506], "rotation": [30, 0, 0], "uv": [108, 72]},
						{"origin": [-5, 25.5, -18.16506], "size": [0, 10, 16], "pivot": [0, 30.5, -10.66506], "rotation": [30, 0, 0], "uv": [42, 66]},
						{"origin": [6, 25.5, -18.16506], "size": [0, 10, 16], "pivot": [1, 30.5, -10.66506], "rotation": [30, 0, 0], "uv": [42, 66], "mirror": true}
					]
				},
				{
					"name": "wing_right",
					"parent": "chest_detail",
					"pivot": [-5.25, 33.53301, -14.37917],
					"rotation": [0, -22.5, 0],
					"cubes": [
						{"origin": [-5.25, 28.03301, -14.37917], "size": [0, 11, 11], "uv": [0, 90]}
					]
				},
				{
					"name": "wing_left",
					"parent": "chest_detail",
					"pivot": [5.25, 33.53301, -14.37917],
					"rotation": [0, 22.5, 0],
					"cubes": [
						{"origin": [5.25, 28.03301, -14.37917], "size": [0, 11, 11], "uv": [0, 90], "mirror": true}
					]
				},
				{
					"name": "neck",
					"parent": "chest",
					"pivot": [0, 26.63158, -14.12529],
					"cubes": [
						{"origin": [-4, 27.15735, -16.36477], "size": [8, 8, 8], "inflate": -0.01, "pivot": [-0.5, 35.15735, -16.36477], "rotation": [20, 0, 0], "uv": [74, 83]},
						{"origin": [-4, 26.17388, -16.86732], "size": [8, 8, 9], "inflate": 0.02, "pivot": [0, 34.17388, -16.86732], "rotation": [20, 0, 0], "uv": [74, 66]}
					]
				},
				{
					"name": "neck2",
					"parent": "neck",
					"pivot": [0, 34.14842, -16.89531],
					"cubes": [
						{"origin": [-4, 35.17388, -16.36732], "size": [8, 8, 8], "uv": [84, 0]},
						{"origin": [-4, 34.17388, -16.86732], "size": [8, 13, 9], "inflate": 0.021, "uv": [0, 68]},
						{"origin": [-2, 39.17388, -19.61732], "size": [4, 6, 3], "pivot": [0, 39.17388, -19.61732], "rotation": [-27.5, 0, 0], "uv": [110, 122]},
						{"origin": [-3, 33.14537, -18.62429], "size": [6, 6, 3], "inflate": 0.01, "pivot": [-1, 39.14537, -18.62429], "rotation": [25, 0, 0], "uv": [60, 114]},
						{"origin": [-3, 39.17388, -18.61732], "size": [6, 6, 3], "pivot": [-1, 39.17388, -18.61732], "rotation": [-27.5, 0, 0], "uv": [42, 114]},
						{"origin": [-2, 30.14537, -19.62429], "size": [4, 9, 3], "inflate": 0.01, "pivot": [0, 39.14537, -19.62429], "rotation": [25, 0, 0], "uv": [116, 0]}
					]
				},
				{
					"name": "neck3",
					"parent": "neck2",
					"pivot": [0, 43.17388, -12.66732],
					"cubes": [
						{"origin": [-4, 43.17388, -16.36732], "size": [8, 5, 8], "uv": [84, 16]}
					]
				},
				{
					"name": "head",
					"parent": "neck3",
					"pivot": [0.00571, 48.17245, -12.37303],
					"cubes": [
						{"origin": [-4, 47.17388, -16.86732], "size": [8, 1, 0], "inflate": 0.01, "uv": [108, 82]},
						{"origin": [-4, 47.17388, -16.86732], "size": [0, 7, 11], "inflate": 0.01, "uv": [106, 44]},
						{"origin": [-4, 52.17388, -5.86732], "size": [8, 2, 0], "inflate": 0.01, "uv": [22, 90]},
						{"origin": [4, 47.17388, -16.86732], "size": [0, 7, 11], "inflate": 0.01, "uv": [106, 44], "mirror": true},
						{"origin": [-3.5, 48.17388, -16.36732], "size": [7, 5, 8], "uv": [78, 99]},
						{"origin": [-3, 48.17388, -17.86732], "size": [6, 6, 9], "uv": [84, 29]},
						{"origin": [-3, 52.67388, -17.86732], "size": [1, 1, 1], "inflate": 0.03, "uv": [34, 121], "mirror": true},
						{"origin": [2, 52.67388, -17.86732], "size": [1, 1, 1], "inflate": 0.03, "uv": [34, 121]},
						{"origin": [-1.99, 49.68388, -19.87732], "size": [4, 4, 2], "uv": [124, 122]},
						{"origin": [-1.99, 48.68388, -19.87732], "size": [4, 1, 3], "uv": [0, 126]},
						{"origin": [-1.49, 49.68388, -21.87732], "size": [3, 4, 2], "inflate": 0.01, "uv": [126, 108]},
						{"origin": [-0.49, 51.68388, -22.87732], "size": [1, 2, 1], "inflate": 0.01, "uv": [38, 89]}
					]
				},
				{
					"name": "horn_right",
					"parent": "head",
					"pivot": [-2.06182, 53.9905, -17.80737],
					"rotation": [0, -10, 0],
					"cubes": [
						{"origin": [-3.08682, 52.76113, -18.31527], "size": [2, 2, 7], "inflate": 0.01, "pivot": [-0.08682, 53.76113, -18.31527], "rotation": [35, 0, 0], "uv": [114, 29]},
						{"origin": [-3.08682, 52.76113, -13.31527], "size": [2, 2, 1], "inflate": 0.1, "pivot": [-0.08682, 53.76113, -18.31527], "rotation": [35, 0, 0], "uv": [60, 127]},
						{"origin": [-3.08682, 52.76113, -15.31527], "size": [2, 2, 1], "inflate": 0.1, "pivot": [-0.08682, 53.76113, -18.31527], "rotation": [35, 0, 0], "uv": [60, 127]},
						{"origin": [-3.08682, 52.76113, -17.31527], "size": [2, 2, 1], "inflate": 0.1, "pivot": [-0.08682, 53.76113, -18.31527], "rotation": [35, 0, 0], "uv": [60, 127]},
						{"origin": [-3.08682, 56.59532, -13.15479], "size": [2, 2, 8], "uv": [78, 112]},
						{"origin": [-2.53682, 60.26725, -6.97281], "size": [1, 1, 7], "inflate": 0.2, "pivot": [-2.38682, 60.76725, -1.97281], "rotation": [45, 0, 0], "uv": [78, 122]},
						{"origin": [-2.53682, 60.26725, -2.97281], "size": [1, 1, 3], "inflate": 0.25, "pivot": [-2.38682, 60.76725, -1.97281], "rotation": [45, 0, 0], "uv": [34, 72]},
						{"origin": [-2.53682, 60.26725, -6.97281], "size": [1, 1, 3], "inflate": 0.25, "pivot": [-2.38682, 60.76725, -1.97281], "rotation": [45, 0, 0], "uv": [34, 72]},
						{"origin": [-2.53682, 61.81786, -0.91215], "size": [1, 1, 7], "uv": [94, 122]},
						{"origin": [-2.53682, 61.81786, 3.08785], "size": [1, 1, 3], "inflate": 0.1, "uv": [34, 76]},
						{"origin": [-2.53682, 61.81786, -0.66215], "size": [1, 1, 3], "inflate": 0.1, "uv": [34, 76]}
					]
				},
				{
					"name": "horn_left",
					"parent": "head",
					"pivot": [2.06182, 53.9905, -17.80737],
					"rotation": [0, 10, 0],
					"cubes": [
						{"origin": [1.08682, 52.76113, -18.31527], "size": [2, 2, 7], "inflate": 0.01, "pivot": [0.08682, 53.76113, -18.31527], "rotation": [35, 0, 0], "uv": [114, 29], "mirror": true},
						{"origin": [1.08682, 52.76113, -13.31527], "size": [2, 2, 1], "inflate": 0.1, "pivot": [0.08682, 53.76113, -18.31527], "rotation": [35, 0, 0], "uv": [60, 127], "mirror": true},
						{"origin": [1.08682, 52.76113, -15.31527], "size": [2, 2, 1], "inflate": 0.1, "pivot": [0.08682, 53.76113, -18.31527], "rotation": [35, 0, 0], "uv": [60, 127], "mirror": true},
						{"origin": [1.08682, 52.76113, -17.31527], "size": [2, 2, 1], "inflate": 0.1, "pivot": [0.08682, 53.76113, -18.31527], "rotation": [35, 0, 0], "uv": [60, 127], "mirror": true},
						{"origin": [1.08682, 56.59532, -13.15479], "size": [2, 2, 8], "uv": [78, 112], "mirror": true},
						{"origin": [1.53682, 60.26725, -6.97281], "size": [1, 1, 7], "inflate": 0.2, "pivot": [2.38682, 60.76725, -1.97281], "rotation": [45, 0, 0], "uv": [78, 122], "mirror": true},
						{"origin": [1.53682, 60.26725, -2.97281], "size": [1, 1, 3], "inflate": 0.25, "pivot": [2.38682, 60.76725, -1.97281], "rotation": [45, 0, 0], "uv": [34, 72], "mirror": true},
						{"origin": [1.53682, 60.26725, -6.97281], "size": [1, 1, 3], "inflate": 0.25, "pivot": [2.38682, 60.76725, -1.97281], "rotation": [45, 0, 0], "uv": [34, 72], "mirror": true},
						{"origin": [1.53682, 61.81786, -0.91215], "size": [1, 1, 7], "uv": [94, 122], "mirror": true},
						{"origin": [1.53682, 61.81786, 3.08785], "size": [1, 1, 3], "inflate": 0.1, "uv": [34, 76], "mirror": true},
						{"origin": [1.53682, 61.81786, -0.66215], "size": [1, 1, 3], "inflate": 0.1, "uv": [34, 76], "mirror": true}
					]
				},
				{
					"name": "eye_right",
					"parent": "head",
					"pivot": [-1.535, 51.6645, -16.4614],
					"cubes": [
						{"origin": [-3, 51.17388, -17.86732], "size": [2, 1, 2], "inflate": 0.01, "uv": [34, 80], "mirror": true},
						{"origin": [-3, 51.17388, -17.86732], "size": [1, 2, 1], "inflate": 0.02, "uv": [18, 116], "mirror": true},
						{"origin": [-1.99, 51.18388, -18.37732], "size": [0, 1, 1], "inflate": 0.01, "uv": [72, 92]},
						{"origin": [-3, 50.67388, -17.36732], "size": [0, 2, 2], "inflate": 0.01, "uv": [18, 112], "mirror": true}
					]
				},
				{
					"name": "eye_left",
					"parent": "head",
					"pivot": [1.535, 51.6645, -16.4614],
					"cubes": [
						{"origin": [1, 51.17388, -17.86732], "size": [2, 1, 2], "inflate": 0.01, "uv": [34, 80]},
						{"origin": [2, 51.17388, -17.86732], "size": [1, 2, 1], "inflate": 0.02, "uv": [18, 116]},
						{"origin": [1.99, 51.18388, -18.37732], "size": [0, 1, 1], "inflate": 0.01, "uv": [72, 92], "mirror": true},
						{"origin": [3, 50.67388, -17.36732], "size": [0, 2, 2], "inflate": 0.01, "uv": [18, 112]}
					]
				},
				{
					"name": "muzzle",
					"parent": "head",
					"pivot": [0.5, 49.65451, -24.3264],
					"rotation": [-90, 0, 0]
				},
				{
					"name": "mouth",
					"parent": "muzzle",
					"pivot": [0.5, 50.15451, -24.1764]
				},
				{
					"name": "leg_front_right",
					"parent": "body",
					"pivot": [-7.5, 25.51369, -9.59302],
					"cubes": [
						{"origin": [-6.5, 22.01369, -11.39302], "size": [1, 6, 4], "uv": [98, 112]},
						{"origin": [-9.5, 21.01369, -12.39302], "size": [4, 8, 6], "uv": [22, 107]},
						{"origin": [-6.5, 21.01369, -12.39302], "size": [0, 8, 6], "uv": [116, 12]},
						{"origin": [-9, 19.01369, -10.89302], "size": [3, 2, 4], "inflate": 0.01, "uv": [114, 38]},
						{"origin": [-8.5, 17.01369, -9.39302], "size": [2, 2, 2], "uv": [34, 68]},
						{"origin": [-8, 17.01369, -9.39302], "size": [1, 2, 2], "inflate": 0.01, "uv": [126, 114]},
						{"origin": [-9, 16.01369, -10.89302], "size": [3, 3, 0], "pivot": [-7.5, 19.01369, -10.89302], "rotation": [-15, 0, 0], "uv": [42, 111]},
						{"origin": [-9, 16.01369, -10.89302], "size": [0, 4, 2], "pivot": [-7.5, 19.01369, -10.89302], "rotation": [-15, 0, 0], "uv": [34, 83], "mirror": true},
						{"origin": [-8.999, 18.01369, -10.89302], "size": [0, 1, 3], "uv": [42, 107], "mirror": true},
						{"origin": [-6.025, 18.01369, -10.89302], "size": [0, 1, 3], "uv": [42, 107], "mirror": true},
						{"origin": [-6, 16.01369, -10.89302], "size": [0, 4, 2], "pivot": [-7.5, 19.01369, -10.89302], "rotation": [-15, 0, 0], "uv": [38, 83]}
					]
				},
				{
					"name": "leg_knee_front_right",
					"parent": "leg_front_right",
					"pivot": [-7.5, 17.01369, -8.39302],
					"cubes": [
						{"origin": [-9.5, 8.01369, -10.39302], "size": [4, 4, 4], "inflate": 0.2, "uv": [18, 121]},
						{"origin": [-9, 12.01369, -9.89302], "size": [3, 5, 3], "uv": [48, 123]}
					]
				},
				{
					"name": "leg_foot_front_right",
					"parent": "leg_knee_front_right",
					"pivot": [-7.5, 8.83869, -8.39302],
					"cubes": [
						{"origin": [-10, 0.16369, -10.89302], "size": [5, 7, 5], "inflate": 0.2, "uv": [108, 96]},
						{"origin": [-10.5, 7.01369, -10.39302], "size": [6, 2, 5], "uv": [50, 92]},
						{"origin": [-10.5, 7.01369, -11.39302], "size": [2, 2, 1], "inflate": 0.01, "uv": [126, 26]},
						{"origin": [-6.5, 7.01369, -11.39302], "size": [2, 2, 1], "uv": [126, 118]},
						{"origin": [-8.5, 7.01369, -11.39302], "size": [4, 2, 1], "pivot": [-8.5, 9.01369, -10.89302], "rotation": [0, 0, 57.5], "uv": [116, 26]},
						{"origin": [-10.5, 7.01369, -11.39302], "size": [4, 2, 1], "inflate": 0.01, "pivot": [-6.5, 9.01369, -10.89302], "rotation": [0, 0, -57.5], "uv": [116, 26], "mirror": true},
						{"origin": [-8, 4.51369, -11.39302], "size": [1, 1, 1], "uv": [18, 119], "mirror": true}
					]
				},
				{
					"name": "leg_foot_front_right2",
					"parent": "leg_foot_front_right",
					"pivot": [-7.5, 0.51369, -10.59302],
					"cubes": [
						{"origin": [-9.5, 0.01369, -13.59302], "size": [4, 1, 3], "uv": [60, 123]}
					]
				},
				{
					"name": "leg_front_left",
					"parent": "body",
					"pivot": [7.5, 25.51369, -9.59302],
					"cubes": [
						{"origin": [5.5, 22.01369, -11.39302], "size": [1, 6, 4], "uv": [98, 112], "mirror": true},
						{"origin": [5.5, 21.01369, -12.39302], "size": [4, 8, 6], "uv": [22, 107], "mirror": true},
						{"origin": [6.5, 21.01369, -12.39302], "size": [0, 8, 6], "uv": [116, 12], "mirror": true},
						{"origin": [6, 19.01369, -10.89302], "size": [3, 2, 4], "inflate": 0.01, "uv": [114, 38], "mirror": true},
						{"origin": [6.5, 17.01369, -9.39302], "size": [2, 2, 2], "uv": [34, 68], "mirror": true},
						{"origin": [7, 17.01369, -9.39302], "size": [1, 2, 2], "inflate": 0.01, "uv": [126, 114]},
						{"origin": [6, 16.01369, -10.89302], "size": [3, 3, 0], "pivot": [7.5, 19.01369, -10.89302], "rotation": [-15, 0, 0], "uv": [42, 111], "mirror": true},
						{"origin": [9, 16.01369, -10.89302], "size": [0, 4, 2], "pivot": [7.5, 19.01369, -10.89302], "rotation": [-15, 0, 0], "uv": [34, 83]},
						{"origin": [8.999, 18.01369, -10.89302], "size": [0, 1, 3], "uv": [42, 107]},
						{"origin": [5.999, 18.01369, -10.89302], "size": [0, 1, 3], "uv": [42, 107]},
						{"origin": [6, 16.01369, -10.89302], "size": [0, 4, 2], "pivot": [7.5, 19.01369, -10.89302], "rotation": [-15, 0, 0], "uv": [38, 83], "mirror": true}
					]
				},
				{
					"name": "leg_knee_front_left",
					"parent": "leg_front_left",
					"pivot": [7.5, 17.01369, -8.39302],
					"cubes": [
						{"origin": [5.5, 8.01369, -10.39302], "size": [4, 4, 4], "inflate": 0.2, "uv": [18, 121], "mirror": true},
						{"origin": [6, 12.01369, -9.89302], "size": [3, 5, 3], "uv": [48, 123], "mirror": true}
					]
				},
				{
					"name": "leg_foot_front_left",
					"parent": "leg_knee_front_left",
					"pivot": [7.5, 8.83869, -8.39302],
					"cubes": [
						{"origin": [5, 0.16369, -10.89302], "size": [5, 7, 5], "inflate": 0.2, "uv": [108, 96], "mirror": true},
						{"origin": [4.5, 7.01369, -10.39302], "size": [6, 2, 5], "uv": [50, 92], "mirror": true},
						{"origin": [8.5, 7.01369, -11.39302], "size": [2, 2, 1], "inflate": 0.01, "uv": [126, 26], "mirror": true},
						{"origin": [4.5, 7.01369, -11.39302], "size": [2, 2, 1], "uv": [126, 118], "mirror": true},
						{"origin": [4.5, 7.01369, -11.39302], "size": [4, 2, 1], "pivot": [8.5, 9.01369, -10.89302], "rotation": [0, 0, -57.5], "uv": [116, 26], "mirror": true},
						{"origin": [6.5, 7.01369, -11.39302], "size": [4, 2, 1], "inflate": 0.01, "pivot": [6.5, 9.01369, -10.89302], "rotation": [0, 0, 57.5], "uv": [116, 26]},
						{"origin": [7, 4.51369, -11.39302], "size": [1, 1, 1], "uv": [18, 119]}
					]
				},
				{
					"name": "leg_foot_front_left2",
					"parent": "leg_foot_front_left",
					"pivot": [7.5, 0.51369, -10.59302],
					"cubes": [
						{"origin": [5.5, 0.01369, -13.59302], "size": [4, 1, 3], "uv": [60, 123], "mirror": true}
					]
				},
				{
					"name": "leg_front_right2",
					"parent": "body",
					"pivot": [-5, 24.56369, 6.40698],
					"rotation": [22.5, 0, 0],
					"cubes": [
						{"origin": [-6.5, 20.02603, 2.77655], "size": [3, 8, 6], "inflate": 0.1, "pivot": [-5, 21.27603, 5.77655], "rotation": [5, 0, 0], "uv": [108, 108]},
						{"origin": [-6.5, 20.02603, 2.77655], "size": [3, 8, 6], "pivot": [-5, 21.27603, 5.77655], "rotation": [5, 0, 0], "uv": [0, 112]},
						{"origin": [-6.5, 17.02603, 3.77655], "size": [3, 3, 4], "pivot": [-5, 21.27603, 5.77655], "rotation": [5, 0, 0], "uv": [34, 123]},
						{"origin": [-6, 15.94847, 6.18623], "size": [2, 2, 2], "pivot": [-5.5, 16.94847, 7.68623], "rotation": [-22.5, 0, 0], "uv": [34, 68]},
						{"origin": [-5.5, 16.90518, 6.37653], "size": [1, 2, 2], "inflate": 0.01, "pivot": [-5.5, 17.90518, 5.37653], "rotation": [-22.5, 0, 0], "uv": [126, 114]}
					]
				},
				{
					"name": "leg_knee_front_right2",
					"parent": "leg_front_right2",
					"pivot": [-5, 16.21593, 6.84161],
					"rotation": [-22.5, 0, 0],
					"cubes": [
						{"origin": [-7, 7.21593, 4.84161], "size": [4, 4, 4], "inflate": 0.2, "uv": [18, 121]},
						{"origin": [-6.5, 11.21593, 5.34161], "size": [3, 5, 3], "uv": [48, 123]}
					]
				},
				{
					"name": "leg_foot_front_right3",
					"parent": "leg_knee_front_right2",
					"pivot": [-5, 8.04093, 6.84161],
					"cubes": [
						{"origin": [-7.5, -0.63407, 4.34161], "size": [5, 7, 5], "inflate": 0.2, "uv": [108, 96]},
						{"origin": [-8, 6.21593, 4.84161], "size": [6, 2, 5], "uv": [50, 92]},
						{"origin": [-5.49, 3.70593, 3.83161], "size": [1, 1, 1], "uv": [18, 119], "mirror": true},
						{"origin": [-3.99, 6.20593, 3.83161], "size": [2, 2, 1], "uv": [126, 118]},
						{"origin": [-7.99, 6.20593, 3.83161], "size": [4, 2, 1], "inflate": 0.01, "pivot": [-3.99, 8.20593, 4.33161], "rotation": [0, 0, -57.5], "uv": [116, 26], "mirror": true},
						{"origin": [-5.99, 6.20593, 3.83161], "size": [4, 2, 1], "pivot": [-5.99, 8.20593, 4.33161], "rotation": [0, 0, 57.5], "uv": [116, 26]},
						{"origin": [-7.99, 6.20593, 3.83161], "size": [2, 2, 1], "inflate": 0.01, "uv": [126, 26]}
					]
				},
				{
					"name": "leg_foot_front_right4",
					"parent": "leg_foot_front_right3",
					"pivot": [-5, -0.28407, 4.64161],
					"cubes": [
						{"origin": [-7, -0.78407, 1.64161], "size": [4, 1, 3], "uv": [60, 123]}
					]
				},
				{
					"name": "leg_front_left2",
					"parent": "body",
					"pivot": [5, 24.56369, 6.40698],
					"rotation": [22.5, 0, 0],
					"cubes": [
						{"origin": [3.5, 20.02603, 2.77655], "size": [3, 8, 6], "inflate": 0.1, "pivot": [5, 21.27603, 5.77655], "rotation": [5, 0, 0], "uv": [108, 108], "mirror": true},
						{"origin": [3.5, 20.02603, 2.77655], "size": [3, 8, 6], "pivot": [5, 21.27603, 5.77655], "rotation": [5, 0, 0], "uv": [0, 112], "mirror": true},
						{"origin": [3.5, 17.02603, 3.77655], "size": [3, 3, 4], "pivot": [5, 21.27603, 5.77655], "rotation": [5, 0, 0], "uv": [34, 123], "mirror": true},
						{"origin": [4, 15.94847, 6.18623], "size": [2, 2, 2], "pivot": [5.5, 16.94847, 7.68623], "rotation": [-22.5, 0, 0], "uv": [34, 68], "mirror": true},
						{"origin": [4.5, 16.90518, 6.37653], "size": [1, 2, 2], "inflate": 0.01, "pivot": [5.5, 17.90518, 5.37653], "rotation": [-22.5, 0, 0], "uv": [126, 114], "mirror": true}
					]
				},
				{
					"name": "leg_knee_front_left2",
					"parent": "leg_front_left2",
					"pivot": [5, 16.21593, 6.84161],
					"rotation": [-22.5, 0, 0],
					"cubes": [
						{"origin": [3, 7.21593, 4.84161], "size": [4, 4, 4], "inflate": 0.2, "uv": [18, 121], "mirror": true},
						{"origin": [3.5, 11.21593, 5.34161], "size": [3, 5, 3], "uv": [48, 123], "mirror": true}
					]
				},
				{
					"name": "leg_foot_front_left3",
					"parent": "leg_knee_front_left2",
					"pivot": [5, 8.04093, 6.84161],
					"cubes": [
						{"origin": [2.5, -0.63407, 4.34161], "size": [5, 7, 5], "inflate": 0.2, "uv": [108, 96], "mirror": true},
						{"origin": [2, 6.21593, 4.84161], "size": [6, 2, 5], "uv": [50, 92], "mirror": true},
						{"origin": [4.49, 3.70593, 3.83161], "size": [1, 1, 1], "uv": [18, 119]},
						{"origin": [1.99, 6.20593, 3.83161], "size": [2, 2, 1], "uv": [126, 118], "mirror": true},
						{"origin": [3.99, 6.20593, 3.83161], "size": [4, 2, 1], "inflate": 0.01, "pivot": [3.99, 8.20593, 4.33161], "rotation": [0, 0, 57.5], "uv": [116, 26]},
						{"origin": [1.99, 6.20593, 3.83161], "size": [4, 2, 1], "pivot": [5.99, 8.20593, 4.33161], "rotation": [0, 0, -57.5], "uv": [116, 26], "mirror": true},
						{"origin": [5.99, 6.20593, 3.83161], "size": [2, 2, 1], "inflate": 0.01, "uv": [126, 26], "mirror": true}
					]
				},
				{
					"name": "leg_foot_front_left4",
					"parent": "leg_foot_front_left3",
					"pivot": [5, -0.28407, 4.64161],
					"cubes": [
						{"origin": [3, -0.78407, 1.64161], "size": [4, 1, 3], "uv": [60, 123], "mirror": true}
					]
				}
			]
		}
	]
}