{
	"format_version": "1.12.0",
	"minecraft:geometry": [
		{
			"description": {
				"identifier": "geometry.lunala",
				"texture_width": 768,
				"texture_height": 512,
				"visible_bounds_width": 14,
				"visible_bounds_height": 9,
				"visible_bounds_offset": [0, 3.5, 0]
			},
			"bones": [
				{
					"name": "necrozma_dawnwings",
					"pivot": [0, 0, 0]
				},
				{
					"name": "body",
					"parent": "necrozma_dawnwings",
					"pivot": [0, 41, 0]
				},
				{
					"name": "torso",
					"parent": "body",
					"pivot": [0.025, 36, 0]
				},
				{
					"name": "torso_lower",
					"parent": "torso",
					"pivot": [0.025, 38, 0],
					"cubes": [
						{"origin": [-7.475, 29, -4.5], "size": [15, 11, 9], "uv": [151, 98]},
						{"origin": [-7.475, 29, -4.5], "size": [15, 11, 9], "inflate": 0.25, "uv": [208, 222]}
					]
				},
				{
					"name": "bone3",
					"parent": "torso_lower",
					"pivot": [0.025, 32, 0],
					"cubes": [
						{"origin": [-4, 15, -1.5], "size": [8, 17, 3], "uv": [200, 95]}
					]
				},
				{
					"name": "bone34",
					"parent": "bone3",
					"pivot": [0, 17, 0],
					"cubes": [
						{"origin": [-14, -1, 0], "size": [28, 18, 0], "uv": [150, 55]}
					]
				},
				{
					"name": "bone132",
					"parent": "bone34",
					"pivot": [0, 11, 1],
					"cubes": [
						{"origin": [-1, 1, -0.5], "size": [2, 2, 1], "uv": [739, 3]},
						{"origin": [-1, -5, -0.5], "size": [2, 3, 1], "uv": [739, 10]},
						{"origin": [-1.5, -2, -1], "size": [3, 3, 2], "uv": [738, 21]}
					]
				},
				{
					"name": "bone133",
					"parent": "bone34",
					"pivot": [3, -0.41667, 0],
					"rotation": [0, 0, -12.5],
					"cubes": [
						{"origin": [2, 1.25, -0.5], "size": [2, 2, 1], "uv": [739, 3]},
						{"origin": [2, -4.75, -0.5], "size": [2, 3, 1], "uv": [739, 10]},
						{"origin": [1.5, -1.75, -1], "size": [3, 3, 2], "inflate": 0.01, "uv": [738, 21]}
					]
				},
				{
					"name": "bone134",
					"parent": "bone34",
					"pivot": [-3, -0.41667, 0],
					"rotation": [0, 0, 12.5],
					"cubes": [
						{"origin": [-4, 1.25, -0.5], "size": [2, 2, 1], "uv": [739, 3], "mirror": true},
						{"origin": [-4, -4.75, -0.5], "size": [2, 3, 1], "uv": [739, 10], "mirror": true},
						{"origin": [-4.5, -1.75, -1], "size": [3, 3, 2], "inflate": 0.01, "uv": [738, 21], "mirror": true}
					]
				},
				{
					"name": "bone35",
					"parent": "bone34",
					"pivot": [0, 11, 1],
					"cubes": [
						{"origin": [-1.5, 3, -1], "size": [3, 8, 2], "uv": [202, 171]}
					]
				},
				{
					"name": "chest",
					"parent": "torso",
					"pivot": [0.025, 38.5, -0.58333],
					"cubes": [
						{"origin": [-8.975, 51, -5.75], "size": [18, 5, 11], "uv": [150, 39]},
						{"origin": [-8.975, 51, -5.75], "size": [18, 5, 11], "inflate": 0.25, "uv": [68, 240]},
						{"origin": [-9.975, 38, -7], "size": [20, 13, 14], "uv": [151, 1]},
						{"origin": [-9.975, 38, -7], "size": [20, 13, 14], "inflate": 0.25, "uv": [0, 229]},
						{"origin": [0.025, 35, -8], "size": [0, 23, 16], "uv": [148, 190]}
					]
				},
				{
					"name": "neck",
					"parent": "chest",
					"pivot": [0.025, 54.5, 0],
					"cubes": [
						{"origin": [-1.975, 55.75, -2], "size": [4, 6, 4], "uv": [202, 161]}
					]
				},
				{
					"name": "head",
					"parent": "neck",
					"pivot": [0.025, 60, 0],
					"cubes": [
						{"origin": [-4.975, 61, -5.025], "size": [10, 10, 14], "inflate": 0.01, "uv": [150, 73]}
					]
				},
				{
					"name": "bone",
					"parent": "head",
					"pivot": [0.025, 60, 0],
					"cubes": [
						{"origin": [-10.975, 64, -3], "size": [22, 10, 0], "uv": [182, 140]}
					]
				},
				{
					"name": "bone7",
					"parent": "head",
					"pivot": [0.025, 60, 0],
					"cubes": [
						{"origin": [-10.975, 64, 7], "size": [22, 19, 0], "uv": [182, 118]},
						{"origin": [-8.975, 60, -3], "size": [18, 4, 10], "uv": [196, 242]},
						{"origin": [9.025, 64, -3], "size": [2, 0, 10], "uv": [136, 242]},
						{"origin": [-10.975, 64, -3], "size": [2, 0, 10], "uv": [136, 242], "mirror": true}
					]
				},
				{
					"name": "bone2",
					"parent": "head",
					"pivot": [11.025, 60, 10],
					"cubes": [
						{"origin": [11.025, 64, -3], "size": [0, 18, 10], "uv": [182, 153]},
						{"origin": [-10.975, 64, -3], "size": [0, 18, 10], "uv": [182, 153], "mirror": true}
					]
				},
				{
					"name": "bone4",
					"parent": "bone2",
					"pivot": [11.025, 77, 2],
					"rotation": [0, 0, -55]
				},
				{
					"name": "bone5",
					"parent": "bone2",
					"pivot": [-10.975, 77, 2],
					"rotation": [0, 0, 55]
				},
				{
					"name": "mouth_open",
					"parent": "head",
					"pivot": [0.75, 62.25, -7.25],
					"rotation": [0, -45, 0],
					"cubes": [
						{"origin": [-0.98211, 61.25, -7.95711], "size": [4, 2, 0], "uv": [0, 9]}
					]
				},
				{
					"name": "bone50",
					"parent": "mouth_open",
					"pivot": [-0.98211, 62.25, -7.98211],
					"rotation": [0, 90, 0],
					"cubes": [
						{"origin": [-4.98211, 61.25, -7.98211], "size": [4, 2, 0], "uv": [0, 9], "mirror": true}
					]
				},
				{
					"name": "mouth_open2",
					"parent": "mouth_open",
					"pivot": [0.725, 62, -7.275],
					"cubes": [
						{"origin": [-1.00711, 61, -7.98211], "size": [4, 2, 0], "uv": [0, 11]}
					]
				},
				{
					"name": "bone6",
					"parent": "mouth_open2",
					"pivot": [-1.00711, 62, -8.00711],
					"rotation": [0, 90, 0],
					"cubes": [
						{"origin": [-5.00711, 61, -8.00711], "size": [4, 2, 0], "uv": [0, 11], "mirror": true}
					]
				},
				{
					"name": "head_rotation",
					"parent": "head",
					"pivot": [0.025, 66, -5.725],
					"rotation": [0, -45, 0],
					"cubes": [
						{"origin": [-2.975, 61, -8.725], "size": [7, 9, 7], "uv": [198, 79]}
					]
				},
				{
					"name": "bone45",
					"parent": "head_rotation",
					"pivot": [-2, 62.25, -9.75],
					"cubes": [
						{"origin": [-3, 62.25, -8.75], "size": [2, 1, 0], "inflate": 0.01, "uv": [2, 2]}
					]
				},
				{
					"name": "bone46",
					"parent": "bone45",
					"pivot": [0, 61.5, -9.75],
					"cubes": [
						{"origin": [-1, 61.5, -8.75], "size": [1, 1, 0], "uv": [2, 2]},
						{"origin": [0, 62.25, -8.75], "size": [1, 1, 0], "uv": [2, 2]}
					]
				},
				{
					"name": "bone47",
					"parent": "bone45",
					"pivot": [-3.025, 62.75, -8.775],
					"rotation": [0, 90, 0],
					"cubes": [
						{"origin": [-5.025, 62.25, -8.775], "size": [2, 1, 0], "inflate": 0.01, "uv": [2, 2], "mirror": true}
					]
				},
				{
					"name": "bone48",
					"parent": "bone47",
					"pivot": [-6.025, 61.5, -9.775],
					"cubes": [
						{"origin": [-6.025, 61.5, -8.775], "size": [1, 1, 0], "uv": [2, 2], "mirror": true},
						{"origin": [-7.025, 62.25, -8.775], "size": [1, 1, 0], "uv": [2, 2], "mirror": true}
					]
				},
				{
					"name": "bone38",
					"parent": "head_rotation",
					"pivot": [1.525, 66, -8.75],
					"rotation": [0, 0, -7.5],
					"cubes": [
						{"origin": [-0.475, 65, -8.75], "size": [4, 2, 0], "uv": [0, 214]},
						{"origin": [-0.825, 66.5, -8.8], "size": [2, 1, 0], "inflate": 0.01, "uv": [178, 192]},
						{"origin": [1.025, 67, -8.75], "size": [1, 2, 0], "uv": [178, 194]}
					]
				},
				{
					"name": "bone39",
					"parent": "bone38",
					"pivot": [0.425, 65, -7.75],
					"cubes": [
						{"origin": [-0.325, 65, -8.75], "size": [2, 2, 2], "inflate": 0.01, "uv": [212, 211]},
						{"origin": [0.175, 65.5, -8.775], "size": [1, 1, 0], "inflate": 0.01, "uv": [18, 216]},
						{"origin": [0.175, 66, -8.775], "size": [1, 1, 0], "inflate": 0.01, "uv": [18, 216]},
						{"origin": [0.175, 65.5, -8.775], "size": [1, 1, 2], "inflate": 0.01, "uv": [16, 214]}
					]
				},
				{
					"name": "bone40",
					"parent": "head_rotation",
					"pivot": [-2.99832, 66.93271, -4.76667],
					"rotation": [89.99999, 82.5, 89.99999],
					"cubes": [
						{"origin": [-5.44832, 64.93271, -4.75], "size": [4, 2, 0], "uv": [8, 214]},
						{"origin": [-3.09832, 66.43271, -4.8], "size": [2, 1, 0], "inflate": 0.01, "uv": [178, 193]},
						{"origin": [-3.94832, 66.93271, -4.75], "size": [1, 2, 0], "uv": [180, 194]}
					]
				},
				{
					"name": "bone41",
					"parent": "bone40",
					"pivot": [-2.34832, 64.93271, -3.75],
					"cubes": [
						{"origin": [-3.59832, 64.93271, -4.75], "size": [2, 2, 2], "inflate": 0.01, "uv": [202, 213]},
						{"origin": [-3.09832, 65.43271, -4.775], "size": [1, 1, 0], "inflate": 0.01, "uv": [24, 216]},
						{"origin": [-3.09832, 65.93271, -4.775], "size": [1, 1, 0], "inflate": 0.01, "uv": [24, 216]}
					]
				},
				{
					"name": "bone49",
					"parent": "head",
					"pivot": [-0.475, 68.5, -7],
					"rotation": [0, -45, 0],
					"cubes": [
						{"origin": [-2.475, 63.5, -10], "size": [9, 8, 9], "uv": [22, 424]},
						{"origin": [-2.475, 63.5, -10], "size": [9, 8, 9], "inflate": 0.2, "uv": [0, 495]}
					]
				},
				{
					"name": "bone147",
					"parent": "bone49",
					"pivot": [-1.525, 65.875, -5.9],
					"rotation": [7.5, 0, 0],
					"cubes": [
						{"origin": [-2.525, 64.875, -6.9], "size": [0, 2, 4], "uv": [162, 490]},
						{"origin": [-2.525, 66.875, -5.65], "size": [0, 2, 1], "uv": [233, 509], "mirror": true},
						{"origin": [-2.55, 66.375, -7.4], "size": [0, 2, 2], "uv": [164, 508]}
					]
				},
				{
					"name": "bone148",
					"parent": "bone49",
					"pivot": [1.525, 65.875, -9.15],
					"rotation": [7.5, 90, 0],
					"cubes": [
						{"origin": [2.525, 64.875, -10.15], "size": [0, 2, 4], "uv": [162, 490], "mirror": true},
						{"origin": [2.55, 66.375, -10.65], "size": [0, 2, 2], "uv": [164, 508], "mirror": true},
						{"origin": [2.525, 66.875, -8.9], "size": [0, 2, 1], "uv": [233, 509]}
					]
				},
				{
					"name": "bone123",
					"parent": "head",
					"pivot": [-2.475, 68.5, 1],
					"cubes": [
						{"origin": [-5.475, 64.5, -4.25], "size": [11, 9, 11], "uv": [314, 492]},
						{"origin": [-5.475, 64.5, -4.25], "size": [11, 9, 11], "inflate": 0.2, "uv": [314, 470]}
					]
				},
				{
					"name": "bone122",
					"parent": "head",
					"pivot": [-0.475, 76.5, -9],
					"rotation": [0, -45, 0],
					"cubes": [
						{"origin": [0.525, 71.75, -9], "size": [6, 5, 6], "uv": [27, 406]}
					]
				},
				{
					"name": "arm_left_rotation",
					"parent": "chest",
					"pivot": [3.875, 54, 0]
				},
				{
					"name": "bone8",
					"parent": "arm_left_rotation",
					"pivot": [7.875, 54, 0],
					"rotation": [0, 0, 32.5],
					"cubes": [
						{"origin": [7.875, 53, -1], "size": [15, 2, 2], "uv": [202, 153]}
					]
				},
				{
					"name": "bone19",
					"parent": "bone8",
					"pivot": [9.875, 53, 0],
					"cubes": [
						{"origin": [6.875, 55, -1], "size": [3, 6, 2], "uv": [202, 197]}
					]
				},
				{
					"name": "bone20",
					"parent": "bone19",
					"pivot": [6.9, 61, 0],
					"rotation": [0, 0, 42.5],
					"cubes": [
						{"origin": [6.9, 61, 0], "size": [3, 6, 0], "uv": [212, 197]}
					]
				},
				{
					"name": "bone17",
					"parent": "bone8",
					"pivot": [17.875, 53, 0],
					"rotation": [0, 0, -32.5],
					"cubes": [
						{"origin": [6.1, 22.215, 0], "size": [16, 37, 0], "uv": [150, 118]}
					]
				},
				{
					"name": "bone44",
					"parent": "bone8",
					"pivot": [29.1, 42.215, 0]
				},
				{
					"name": "bone9",
					"parent": "bone8",
					"pivot": [22.875, 53, 0],
					"rotation": [0, 0, -65],
					"cubes": [
						{"origin": [22.875, 53, -0.5], "size": [23, 2, 1], "uv": [198, 73]}
					]
				},
				{
					"name": "bone18",
					"parent": "bone9",
					"pivot": [29.1, 42.215, 0],
					"rotation": [0, 0, 32.5],
					"cubes": [
						{"origin": [18.05, 1.865, 0], "size": [24, 68, 0], "uv": [0, 146]}
					]
				},
				{
					"name": "bone21",
					"parent": "bone18",
					"pivot": [42.05, 24.85, 0],
					"cubes": [
						{"origin": [42.05, 1.865, 0], "size": [51, 107, 0], "uv": [24, 0]}
					]
				},
				{
					"name": "bone135",
					"parent": "bone21",
					"pivot": [79.05, 75.85, -0.5],
					"rotation": [0, 0, -17.5],
					"cubes": [
						{"origin": [78.05, 73.1, -1], "size": [6, 4, 2], "uv": [714, 52]}
					]
				},
				{
					"name": "bone136",
					"parent": "bone135",
					"pivot": [79.05, 75.85, -0.5],
					"cubes": [
						{"origin": [78.05, 71.1, -3], "size": [5, 8, 2], "uv": [526, 474]},
						{"origin": [75.05, 72.1, -2], "size": [3, 6, 1], "uv": [560, 498]},
						{"origin": [83.05, 72.1, -3], "size": [6, 6, 2], "uv": [487, 495]},
						{"origin": [89.05, 73.1, -2], "size": [7, 4, 1], "uv": [459, 507]}
					]
				},
				{
					"name": "bone137",
					"parent": "bone135",
					"pivot": [79.05, 75.85, 0.5],
					"cubes": [
						{"origin": [78.05, 71.1, 1], "size": [5, 8, 2], "uv": [526, 474]},
						{"origin": [75.05, 72.1, 1], "size": [3, 6, 1], "uv": [560, 498]},
						{"origin": [83.05, 72.1, 1], "size": [6, 6, 2], "uv": [487, 495]},
						{"origin": [89.05, 73.1, 1], "size": [7, 4, 1], "uv": [459, 507]}
					]
				},
				{
					"name": "bone138",
					"parent": "bone21",
					"pivot": [75.05, 48.85, -0.5],
					"rotation": [0, 0, 17.5],
					"cubes": [
						{"origin": [74.05, 46.1, -1], "size": [6, 4, 2], "uv": [714, 52]}
					]
				},
				{
					"name": "bone139",
					"parent": "bone138",
					"pivot": [75.05, 48.85, -0.5],
					"cubes": [
						{"origin": [74.05, 44.1, -3], "size": [5, 8, 2], "uv": [526, 474]},
						{"origin": [71.05, 45.1, -2], "size": [3, 6, 1], "uv": [560, 498]},
						{"origin": [79.05, 45.1, -3], "size": [6, 6, 2], "uv": [487, 495]},
						{"origin": [85.05, 46.1, -2], "size": [7, 4, 1], "uv": [459, 507]}
					]
				},
				{
					"name": "bone140",
					"parent": "bone138",
					"pivot": [75.05, 48.85, 0.5],
					"cubes": [
						{"origin": [74.05, 44.1, 1], "size": [5, 8, 2], "uv": [526, 474]},
						{"origin": [71.05, 45.1, 1], "size": [3, 6, 1], "uv": [560, 498]},
						{"origin": [79.05, 45.1, 1], "size": [6, 6, 2], "uv": [487, 495]},
						{"origin": [85.05, 46.1, 1], "size": [7, 4, 1], "uv": [459, 507]}
					]
				},
				{
					"name": "bone36",
					"parent": "bone9",
					"pivot": [23.125, 51.5, 0.5],
					"rotation": [0, 0, -22.5],
					"cubes": [
						{"origin": [20.125, 50.25, -0.5], "size": [8, 3, 1], "inflate": -0.01, "uv": [202, 181]}
					]
				},
				{
					"name": "bone10",
					"parent": "bone9",
					"pivot": [45.875, 53, 0],
					"rotation": [0, 0, -22.5],
					"cubes": [
						{"origin": [45.875, 53, -1], "size": [4, 2, 2], "uv": [206, 63]}
					]
				},
				{
					"name": "bone11",
					"parent": "bone10",
					"pivot": [48.975, 53, 0],
					"rotation": [-3.31914, 14.63639, -35.42638],
					"cubes": [
						{"origin": [48.975, 53, -2], "size": [4, 2, 2], "inflate": 0.01, "uv": [206, 67]}
					]
				},
				{
					"name": "bone13",
					"parent": "bone11",
					"pivot": [52.975, 53, 0],
					"rotation": [0, 0, -42.5],
					"cubes": [
						{"origin": [52.975, 53, -2], "size": [5, 2, 2], "uv": [202, 189]}
					]
				},
				{
					"name": "bone12",
					"parent": "bone13",
					"pivot": [57.975, 53.1, -0.5],
					"rotation": [0, 0, -45],
					"cubes": [
						{"origin": [57.975, 53.1, -1.5], "size": [4, 1, 1], "uv": [200, 115]}
					]
				},
				{
					"name": "bone14",
					"parent": "bone10",
					"pivot": [48.975, 53, 0],
					"rotation": [3.31914, -14.63639, -35.42638],
					"cubes": [
						{"origin": [48.975, 53, 0], "size": [4, 2, 2], "inflate": 0.01, "uv": [208, 39]}
					]
				},
				{
					"name": "bone15",
					"parent": "bone14",
					"pivot": [52.975, 53, 0],
					"rotation": [0, 0, -42.5],
					"cubes": [
						{"origin": [52.975, 53, 0], "size": [5, 2, 2], "uv": [202, 193]}
					]
				},
				{
					"name": "bone16",
					"parent": "bone15",
					"pivot": [57.975, 53.1, 0.5],
					"rotation": [0, 0, -45],
					"cubes": [
						{"origin": [57.975, 53.1, 0.5], "size": [4, 1, 1], "uv": [206, 71]}
					]
				},
				{
					"name": "arm_right_rotation",
					"parent": "chest",
					"pivot": [-3.875, 54, 0]
				},
				{
					"name": "bone22",
					"parent": "arm_right_rotation",
					"pivot": [-7.875, 54, 0],
					"rotation": [0, 0, -32.5],
					"cubes": [
						{"origin": [-22.875, 53, -1], "size": [15, 2, 2], "uv": [202, 153], "mirror": true}
					]
				},
				{
					"name": "bone23",
					"parent": "bone22",
					"pivot": [-9.875, 53, 0],
					"cubes": [
						{"origin": [-9.875, 55, -1], "size": [3, 6, 2], "uv": [202, 197], "mirror": true}
					]
				},
				{
					"name": "bone24",
					"parent": "bone23",
					"pivot": [-6.9, 61, 0],
					"rotation": [0, 0, -42.5],
					"cubes": [
						{"origin": [-9.9, 61, 0], "size": [3, 6, 0], "uv": [212, 197], "mirror": true}
					]
				},
				{
					"name": "bone25",
					"parent": "bone22",
					"pivot": [-17.875, 53, 0],
					"rotation": [0, 0, 32.5],
					"cubes": [
						{"origin": [-22.1, 22.215, 0], "size": [16, 37, 0], "uv": [150, 118], "mirror": true}
					]
				},
				{
					"name": "bone26",
					"parent": "bone22",
					"pivot": [-22.875, 53, 0],
					"rotation": [0, 0, 65],
					"cubes": [
						{"origin": [-45.875, 53, -0.5], "size": [23, 2, 1], "uv": [198, 73], "mirror": true}
					]
				},
				{
					"name": "bone27",
					"parent": "bone26",
					"pivot": [-29.1, 42.215, 0],
					"rotation": [0, 0, -32.5],
					"cubes": [
						{"origin": [-42.05, 1.865, 0], "size": [24, 68, 0], "uv": [0, 146], "mirror": true}
					]
				},
				{
					"name": "bone28",
					"parent": "bone27",
					"pivot": [-42.05, 24.85, 0],
					"cubes": [
						{"origin": [-93.05, 1.865, 0], "size": [51, 107, 0], "uv": [24, 0], "mirror": true}
					]
				},
				{
					"name": "bone141",
					"parent": "bone28",
					"pivot": [-79.05, 75.85, -0.5],
					"rotation": [0, 0, 17.5],
					"cubes": [
						{"origin": [-84.05, 73.1, -1], "size": [6, 4, 2], "uv": [714, 52], "mirror": true}
					]
				},
				{
					"name": "bone142",
					"parent": "bone141",
					"pivot": [-79.05, 75.85, -0.5],
					"cubes": [
						{"origin": [-83.05, 71.1, -3], "size": [5, 8, 2], "uv": [526, 474], "mirror": true},
						{"origin": [-78.05, 72.1, -2], "size": [3, 6, 1], "uv": [560, 498], "mirror": true},
						{"origin": [-89.05, 72.1, -3], "size": [6, 6, 2], "uv": [487, 495], "mirror": true},
						{"origin": [-96.05, 73.1, -2], "size": [7, 4, 1], "uv": [459, 507], "mirror": true}
					]
				},
				{
					"name": "bone143",
					"parent": "bone141",
					"pivot": [-79.05, 75.85, 0.5],
					"cubes": [
						{"origin": [-83.05, 71.1, 1], "size": [5, 8, 2], "uv": [526, 474], "mirror": true},
						{"origin": [-78.05, 72.1, 1], "size": [3, 6, 1], "uv": [560, 498], "mirror": true},
						{"origin": [-89.05, 72.1, 1], "size": [6, 6, 2], "uv": [487, 495], "mirror": true},
						{"origin": [-96.05, 73.1, 1], "size": [7, 4, 1], "uv": [459, 507], "mirror": true}
					]
				},
				{
					"name": "bone144",
					"parent": "bone28",
					"pivot": [-75.05, 47.85, -0.5],
					"rotation": [0, 0, -17.5],
					"cubes": [
						{"origin": [-80.05, 45.1, -1], "size": [6, 4, 2], "uv": [714, 52], "mirror": true}
					]
				},
				{
					"name": "bone145",
					"parent": "bone144",
					"pivot": [-75.05, 47.85, -0.5],
					"cubes": [
						{"origin": [-79.05, 43.1, -3], "size": [5, 8, 2], "uv": [526, 474], "mirror": true},
						{"origin": [-74.05, 44.1, -2], "size": [3, 6, 1], "uv": [560, 498], "mirror": true},
						{"origin": [-85.05, 44.1, -3], "size": [6, 6, 2], "uv": [487, 495], "mirror": true},
						{"origin": [-92.05, 45.1, -2], "size": [7, 4, 1], "uv": [459, 507], "mirror": true}
					]
				},
				{
					"name": "bone146",
					"parent": "bone144",
					"pivot": [-75.05, 47.85, 0.5],
					"cubes": [
						{"origin": [-79.05, 43.1, 1], "size": [5, 8, 2], "uv": [526, 474], "mirror": true},
						{"origin": [-74.05, 44.1, 1], "size": [3, 6, 1], "uv": [560, 498], "mirror": true},
						{"origin": [-85.05, 44.1, 1], "size": [6, 6, 2], "uv": [487, 495], "mirror": true},
						{"origin": [-92.05, 45.1, 1], "size": [7, 4, 1], "uv": [459, 507], "mirror": true}
					]
				},
				{
					"name": "bone29",
					"parent": "bone26",
					"pivot": [-23.125, 51.5, 0.5],
					"rotation": [0, 0, 22.5],
					"cubes": [
						{"origin": [-28.125, 50.25, -0.5], "size": [8, 3, 1], "inflate": -0.01, "uv": [202, 181], "mirror": true}
					]
				},
				{
					"name": "bone30",
					"parent": "bone26",
					"pivot": [-45.875, 53, 0],
					"rotation": [0, 0, 22.5],
					"cubes": [
						{"origin": [-49.875, 53, -1], "size": [4, 2, 2], "uv": [206, 63], "mirror": true}
					]
				},
				{
					"name": "bone31",
					"parent": "bone30",
					"pivot": [-48.975, 53, 0],
					"rotation": [-3.31914, -14.63639, 35.42638],
					"cubes": [
						{"origin": [-52.975, 53, -2], "size": [4, 2, 2], "inflate": 0.01, "uv": [206, 67], "mirror": true}
					]
				},
				{
					"name": "bone32",
					"parent": "bone31",
					"pivot": [-52.975, 53, 0],
					"rotation": [0, 0, 42.5],
					"cubes": [
						{"origin": [-57.975, 53, -2], "size": [5, 2, 2], "uv": [202, 189], "mirror": true}
					]
				},
				{
					"name": "bone33",
					"parent": "bone32",
					"pivot": [-57.975, 53.1, -0.5],
					"rotation": [0, 0, 45],
					"cubes": [
						{"origin": [-61.975, 53.1, -1.5], "size": [4, 1, 1], "uv": [200, 115], "mirror": true}
					]
				},
				{
					"name": "bone37",
					"parent": "bone30",
					"pivot": [-48.975, 53, 0],
					"rotation": [3.31914, 14.63639, 35.42638],
					"cubes": [
						{"origin": [-52.975, 53, 0], "size": [4, 2, 2], "inflate": 0.01, "uv": [208, 39], "mirror": true}
					]
				},
				{
					"name": "bone42",
					"parent": "bone37",
					"pivot": [-52.975, 53, 0],
					"rotation": [0, 0, 42.5],
					"cubes": [
						{"origin": [-57.975, 53, 0], "size": [5, 2, 2], "uv": [202, 193], "mirror": true}
					]
				},
				{
					"name": "bone43",
					"parent": "bone42",
					"pivot": [-57.975, 53.1, 0.5],
					"rotation": [0, 0, 45],
					"cubes": [
						{"origin": [-61.975, 53.1, 0.5], "size": [4, 1, 1], "uv": [206, 71], "mirror": true}
					]
				},
				{
					"name": "locator_seat_1",
					"parent": "chest",
					"pivot": [0, 52, 6],
					"locators": {
						"seat_1": [0, 52, 6]
					}
				},
				{
					"name": "necrozma",
					"parent": "chest",
					"pivot": [0, 1, 0]
				},
				{
					"name": "body2",
					"parent": "necrozma",
					"pivot": [0, 46, -2],
					"rotation": [-7.5, 0, 0]
				},
				{
					"name": "torso_proper",
					"parent": "body2",
					"pivot": [0.05, 7, 0]
				},
				{
					"name": "bone225",
					"parent": "torso_proper",
					"pivot": [0.02783, 32.70024, -1.67009],
					"rotation": [-2.5, 0, 0]
				},
				{
					"name": "bone224",
					"parent": "bone225",
					"pivot": [4.44717, 32.92524, -6.89509],
					"rotation": [-2.5, 0, 17.5]
				},
				{
					"name": "bone223",
					"parent": "bone224",
					"pivot": [2.34493, 43.49222, -3.62009],
					"cubes": [
						{"origin": [0.34493, 32.49222, -6.62009], "size": [4, 21, 6], "uv": [376, 39]}
					]
				},
				{
					"name": "bone222",
					"parent": "bone223",
					"pivot": [2.69493, 47.99222, 0.37991],
					"rotation": [45, 0, 0],
					"cubes": [
						{"origin": [1.69493, 46.99222, -2.62009], "size": [2, 5, 5], "uv": [256, 167]}
					]
				},
				{
					"name": "bone221",
					"parent": "bone223",
					"pivot": [2.69493, 37.74222, 0.37991],
					"rotation": [45, 0, 0],
					"cubes": [
						{"origin": [1.69493, 36.74222, -3.62009], "size": [2, 5, 5], "uv": [424, 78]}
					]
				},
				{
					"name": "bone220",
					"parent": "bone223",
					"pivot": [2.69493, 42.24222, 0.37991],
					"rotation": [45, 0, 0],
					"cubes": [
						{"origin": [1.69493, 41.24222, -2.62009], "size": [2, 5, 5], "uv": [424, 68]}
					]
				},
				{
					"name": "bone219",
					"parent": "bone223",
					"pivot": [2.84493, 55.24222, -6.87009],
					"cubes": [
						{"origin": [0.84493, 53.24222, -7.87009], "size": [3, 7, 4], "uv": [282, 97]}
					]
				},
				{
					"name": "bone218",
					"parent": "bone219",
					"pivot": [2.34493, 62.24222, -6.37009],
					"cubes": [
						{"origin": [1.34493, 60.24222, -7.37009], "size": [2, 5, 3], "uv": [298, 160]}
					]
				},
				{
					"name": "bone217",
					"parent": "bone224",
					"pivot": [2.44493, 32.89222, -8.09509],
					"rotation": [15.25, 0, 0],
					"cubes": [
						{"origin": [-1.55507, 32.92801, -8.10845], "size": [6, 20, 7], "uv": [296, 81]}
					]
				},
				{
					"name": "bone216",
					"parent": "bone217",
					"pivot": [0.44493, 52.92801, -6.03345],
					"rotation": [1.0229, -0.96887, 18.44383],
					"cubes": [
						{"origin": [0.44493, 52.92801, -8.03345], "size": [4, 9, 6], "uv": [336, 143]}
					]
				},
				{
					"name": "bone215",
					"parent": "bone216",
					"pivot": [0.69493, 61.92801, -5.53345],
					"cubes": [
						{"origin": [0.69493, 61.92801, -7.53345], "size": [3, 9, 4], "uv": [284, 160]}
					]
				},
				{
					"name": "bone214",
					"parent": "bone224",
					"pivot": [2.84493, 35.24222, -3.87009],
					"cubes": [
						{"origin": [1.84493, 34.24222, -4.87009], "size": [2, 2, 2], "uv": [388, 93]}
					]
				},
				{
					"name": "bone76",
					"parent": "bone224",
					"pivot": [3.44717, 47.92524, -3.89509],
					"rotation": [5, 0, 0]
				},
				{
					"name": "bone213",
					"parent": "bone225",
					"pivot": [-4.44717, 32.92524, -6.89509],
					"rotation": [-2.5, 0, -17.5]
				},
				{
					"name": "bone212",
					"parent": "bone213",
					"pivot": [-2.34493, 43.49222, -3.62009],
					"cubes": [
						{"origin": [-4.34493, 32.49222, -6.62009], "size": [4, 21, 6], "uv": [376, 39], "mirror": true}
					]
				},
				{
					"name": "bone211",
					"parent": "bone212",
					"pivot": [-2.69493, 47.99222, 0.37991],
					"rotation": [45, 0, 0],
					"cubes": [
						{"origin": [-3.69493, 46.99222, -2.62009], "size": [2, 5, 5], "uv": [256, 167], "mirror": true}
					]
				},
				{
					"name": "bone210",
					"parent": "bone212",
					"pivot": [-2.69493, 37.74222, 0.37991],
					"rotation": [45, 0, 0],
					"cubes": [
						{"origin": [-3.69493, 36.74222, -3.62009], "size": [2, 5, 5], "uv": [424, 78], "mirror": true}
					]
				},
				{
					"name": "bone209",
					"parent": "bone212",
					"pivot": [-2.69493, 42.24222, 0.37991],
					"rotation": [45, 0, 0],
					"cubes": [
						{"origin": [-3.69493, 41.24222, -2.62009], "size": [2, 5, 5], "uv": [424, 68], "mirror": true}
					]
				},
				{
					"name": "bone208",
					"parent": "bone212",
					"pivot": [-2.84493, 55.24222, -6.87009],
					"cubes": [
						{"origin": [-3.84493, 53.24222, -7.87009], "size": [3, 7, 4], "uv": [282, 97], "mirror": true}
					]
				},
				{
					"name": "bone207",
					"parent": "bone208",
					"pivot": [-2.34493, 62.24222, -6.37009],
					"cubes": [
						{"origin": [-3.34493, 60.24222, -7.37009], "size": [2, 5, 3], "uv": [298, 160], "mirror": true}
					]
				},
				{
					"name": "bone206",
					"parent": "bone213",
					"pivot": [-2.44493, 32.89222, -8.09509],
					"rotation": [15.25, 0, 0],
					"cubes": [
						{"origin": [-4.44493, 32.92801, -8.10845], "size": [6, 20, 7], "uv": [296, 81], "mirror": true}
					]
				},
				{
					"name": "bone77",
					"parent": "bone206",
					"pivot": [-0.44493, 52.92801, -6.03345],
					"rotation": [1.0229, 0.96887, -18.44383],
					"cubes": [
						{"origin": [-4.44493, 52.92801, -8.03345], "size": [4, 9, 6], "uv": [336, 143], "mirror": true}
					]
				},
				{
					"name": "bone78",
					"parent": "bone77",
					"pivot": [-0.69493, 61.92801, -5.53345],
					"cubes": [
						{"origin": [-3.69493, 61.92801, -7.53345], "size": [3, 9, 4], "uv": [284, 160], "mirror": true}
					]
				},
				{
					"name": "bone79",
					"parent": "bone213",
					"pivot": [-2.84493, 35.24222, -3.87009],
					"cubes": [
						{"origin": [-3.84493, 34.24222, -4.87009], "size": [2, 2, 2], "uv": [388, 93], "mirror": true}
					]
				},
				{
					"name": "bone80",
					"parent": "bone213",
					"pivot": [-3.44717, 47.92524, -3.89509],
					"rotation": [5, 0, 0]
				},
				{
					"name": "torso2",
					"parent": "torso_proper",
					"pivot": [0.05, 44.75, -1.25],
					"rotation": [-20, 0, 0]
				},
				{
					"name": "bone205",
					"parent": "torso2",
					"pivot": [0.05, 51.5, -9.75],
					"cubes": [
						{"origin": [-7.475, 47.525, -10.125], "size": [14, 3, 9], "uv": [320, 0]}
					]
				},
				{
					"name": "bone125",
					"parent": "torso2",
					"pivot": [1, 35.125, 12.15],
					"rotation": [39.32466, 7.9972, -39.63846]
				},
				{
					"name": "bone124",
					"parent": "bone125",
					"pivot": [0.975, 34.125, 12.175],
					"cubes": [
						{"origin": [-0.025, 21.125, 11.175], "size": [2, 14, 2], "uv": [0, 422]}
					]
				},
				{
					"name": "bone126",
					"parent": "bone124",
					"pivot": [0.975, 21.125, 12.175],
					"cubes": [
						{"origin": [-0.025, 7.125, 11.175], "size": [2, 14, 2], "uv": [625, 0]}
					]
				},
				{
					"name": "bone127",
					"parent": "bone126",
					"pivot": [0.975, 7.125, 12.175],
					"cubes": [
						{"origin": [0.475, -6.875, 11.675], "size": [1, 14, 1], "uv": [677, 0]}
					]
				},
				{
					"name": "bone128",
					"parent": "torso2",
					"pivot": [-1, 35.125, 12.15],
					"rotation": [39.32466, -7.9972, 39.63846]
				},
				{
					"name": "bone129",
					"parent": "bone128",
					"pivot": [-0.975, 34.125, 12.175],
					"cubes": [
						{"origin": [-1.975, 21.125, 11.175], "size": [2, 14, 2], "uv": [0, 422], "mirror": true}
					]
				},
				{
					"name": "bone130",
					"parent": "bone129",
					"pivot": [-0.975, 21.125, 12.175],
					"cubes": [
						{"origin": [-1.975, 7.125, 11.175], "size": [2, 14, 2], "uv": [625, 0], "mirror": true}
					]
				},
				{
					"name": "bone131",
					"parent": "bone130",
					"pivot": [-0.975, 7.125, 12.175],
					"cubes": [
						{"origin": [-1.475, -6.875, 11.675], "size": [1, 14, 1], "uv": [677, 0], "mirror": true}
					]
				},
				{
					"name": "bone187",
					"parent": "torso_proper",
					"pivot": [-0.025, 33, -5.2],
					"rotation": [-10, 0, 0]
				},
				{
					"name": "bone186",
					"parent": "bone187",
					"pivot": [-0.025, 34.125, 8.175],
					"rotation": [0, 45, 0],
					"cubes": [
						{"origin": [-1.525, 32.125, 3.675], "size": [6, 3, 6], "inflate": -0.01, "uv": [350, 39]}
					]
				},
				{
					"name": "bone185",
					"parent": "bone187",
					"pivot": [-0.025, 32.15, -7.95],
					"rotation": [19.75, 0, 0],
					"cubes": [
						{"origin": [-4.525, 32.125, -7.95], "size": [9, 13, 3], "uv": [390, 115]}
					]
				},
				{
					"name": "bone184",
					"parent": "bone185",
					"pivot": [-0.025, 45.15, -7.95],
					"cubes": [
						{"origin": [-7.525, 45.125, -7.95], "size": [15, 8, 4], "uv": [322, 97]}
					]
				},
				{
					"name": "necrozma_arm_left",
					"parent": "torso_proper",
					"pivot": [3.4, 33.4, -5.3],
					"rotation": [21.45407, -9.23155, -25.62136]
				},
				{
					"name": "bone181",
					"parent": "necrozma_arm_left",
					"pivot": [3.42593, 33.56835, -5.25908],
					"rotation": [0, 37.5, 75]
				},
				{
					"name": "bone51",
					"parent": "bone181",
					"pivot": [1.92593, 32.81835, -5.25908],
					"rotation": [0, 0, -130]
				},
				{
					"name": "bone180",
					"parent": "bone51",
					"pivot": [1.92593, 31.81835, -6.25908],
					"rotation": [-45, 0, 0]
				},
				{
					"name": "bone70",
					"parent": "bone51",
					"pivot": [6.92593, 31.81835, -6.25908],
					"rotation": [0, 90, 0]
				},
				{
					"name": "bone64",
					"parent": "bone70",
					"pivot": [6.92593, 31.81835, -6.25908],
					"rotation": [-45, 0, 0]
				},
				{
					"name": "bone59",
					"parent": "bone70",
					"pivot": [13.92593, 31.81835, -5.75908],
					"rotation": [-45, 0, 0]
				},
				{
					"name": "bone57",
					"parent": "necrozma_arm_left",
					"pivot": [3.42593, 33.56835, -5.25908],
					"rotation": [0, 37.5, 75]
				},
				{
					"name": "bone81",
					"parent": "bone57",
					"pivot": [3.42593, 33.56835, -5.25908],
					"rotation": [-45, 0, 0],
					"cubes": [
						{"origin": [3.42593, 32.03802, -6.78941], "size": [15, 3, 3], "uv": [386, 109]}
					]
				},
				{
					"name": "bone82",
					"parent": "bone57",
					"pivot": [1.92593, 32.81835, -5.25908],
					"rotation": [0, 0, -130]
				},
				{
					"name": "bone83",
					"parent": "bone82",
					"pivot": [1.92593, 31.81835, -6.25908],
					"rotation": [-45, 0, 0]
				},
				{
					"name": "bone84",
					"parent": "bone82",
					"pivot": [6.92593, 31.81835, -6.25908],
					"rotation": [0, 90, 0]
				},
				{
					"name": "bone85",
					"parent": "bone84",
					"pivot": [6.92593, 31.81835, -6.25908],
					"rotation": [-45, 0, 0]
				},
				{
					"name": "bone86",
					"parent": "bone84",
					"pivot": [13.92593, 31.81835, -5.75908],
					"rotation": [-45, 0, 0]
				},
				{
					"name": "bone87",
					"parent": "bone57",
					"pivot": [17.42593, 33.56835, -5.25908],
					"cubes": [
						{"origin": [17.42593, 30.56835, -8.25908], "size": [13, 6, 6], "inflate": 0.01, "uv": [360, 97]},
						{"origin": [28.40093, 28.56835, -11.75908], "size": [11, 10, 13], "inflate": 0.02, "uv": [256, 26]}
					]
				},
				{
					"name": "bone88",
					"parent": "bone87",
					"pivot": [42.22593, 33.56835, -3.50908],
					"rotation": [0, -45, 0],
					"cubes": [
						{"origin": [31.72593, 28.56835, -11.50908], "size": [16, 10, 16], "uv": [256, 0]}
					]
				},
				{
					"name": "bone89",
					"parent": "bone88",
					"pivot": [40.22593, 37.56835, -4.00908],
					"rotation": [-30, -45, 0]
				},
				{
					"name": "bone90",
					"parent": "bone87",
					"pivot": [17.42593, 32.56835, -8.25908],
					"rotation": [0, 20, 0],
					"cubes": [
						{"origin": [17.42593, 30.56835, -8.25908], "size": [12, 6, 6], "uv": [314, 109]},
						{"origin": [28.92593, 28.56835, -8.25908], "size": [13, 10, 7], "inflate": 0.01, "uv": [256, 80]}
					]
				},
				{
					"name": "bone91",
					"parent": "bone87",
					"pivot": [17.42593, 32.56835, -2.25908],
					"rotation": [0, -19.75, 0],
					"cubes": [
						{"origin": [17.42593, 30.56835, -8.25908], "size": [12, 6, 6], "uv": [350, 109]},
						{"origin": [28.92593, 28.56835, -9.25908], "size": [13, 10, 7], "inflate": 0.01, "uv": [336, 61]}
					]
				},
				{
					"name": "finger_left4",
					"parent": "bone87",
					"pivot": [48.42593, 35.31835, -5.25908]
				},
				{
					"name": "bone92",
					"parent": "finger_left4",
					"pivot": [48.42593, 35.31835, -5.25908],
					"rotation": [-45, 0, 0],
					"cubes": [
						{"origin": [48.42593, 33.31835, -7.25908], "size": [10, 4, 4], "uv": [396, 72]}
					]
				},
				{
					"name": "bone93",
					"parent": "finger_left4",
					"pivot": [56.92593, 35.46835, -5.25908],
					"rotation": [0, 0, 47.5]
				},
				{
					"name": "bone94",
					"parent": "bone93",
					"pivot": [56.92593, 35.06835, -5.25908],
					"rotation": [-45, 0, 0],
					"cubes": [
						{"origin": [56.92593, 33.81835, -7.00908], "size": [6, 3, 3], "uv": [422, 132]}
					]
				},
				{
					"name": "bone95",
					"parent": "bone93",
					"pivot": [61.92593, 35.46835, -5.25908],
					"rotation": [0, 0, 47.5]
				},
				{
					"name": "bone96",
					"parent": "bone95",
					"pivot": [61.92593, 34.31835, -5.25908],
					"rotation": [-45, 0, 0],
					"cubes": [
						{"origin": [61.92593, 34.06835, -7.00908], "size": [6, 2, 2], "uv": [372, 93]}
					]
				},
				{
					"name": "finger_left5",
					"parent": "bone87",
					"pivot": [45.42593, 34.31835, -10.25908],
					"rotation": [0, 25, 0]
				},
				{
					"name": "bone97",
					"parent": "finger_left5",
					"pivot": [45.42593, 34.31835, -10.25908],
					"rotation": [-45, 0, 0],
					"cubes": [
						{"origin": [45.42593, 32.31835, -12.25908], "size": [10, 4, 4], "uv": [396, 80]}
					]
				},
				{
					"name": "bone98",
					"parent": "finger_left5",
					"pivot": [53.92593, 34.46835, -10.25908],
					"rotation": [0, 0, 47.5]
				},
				{
					"name": "bone99",
					"parent": "bone98",
					"pivot": [53.92593, 34.06835, -10.25908],
					"rotation": [-45, 0, 0],
					"cubes": [
						{"origin": [53.92593, 32.81835, -12.00908], "size": [6, 3, 3], "uv": [424, 88]}
					]
				},
				{
					"name": "bone100",
					"parent": "bone98",
					"pivot": [58.92593, 34.46835, -10.25908],
					"rotation": [0, 0, 47.5]
				},
				{
					"name": "bone101",
					"parent": "bone100",
					"pivot": [58.92593, 33.31835, -10.25908],
					"rotation": [-45, 0, 0],
					"cubes": [
						{"origin": [58.92593, 33.06835, -12.00908], "size": [6, 2, 2], "uv": [420, 44]}
					]
				},
				{
					"name": "finger_left6",
					"parent": "bone87",
					"pivot": [45.42593, 34.31835, -0.25908],
					"rotation": [0, -25, 0]
				},
				{
					"name": "bone102",
					"parent": "finger_left6",
					"pivot": [45.42593, 34.31835, -0.25908],
					"rotation": [45, 0, 0],
					"cubes": [
						{"origin": [45.42593, 32.31835, -2.25908], "size": [10, 4, 4], "uv": [396, 88]}
					]
				},
				{
					"name": "bone103",
					"parent": "finger_left6",
					"pivot": [53.92593, 34.46835, -0.25908],
					"rotation": [0, 0, 47.5]
				},
				{
					"name": "bone104",
					"parent": "bone103",
					"pivot": [53.92593, 34.06835, -0.25908],
					"rotation": [45, 0, 0],
					"cubes": [
						{"origin": [53.92593, 32.81835, -1.50908], "size": [6, 3, 3], "uv": [424, 138]}
					]
				},
				{
					"name": "bone105",
					"parent": "bone103",
					"pivot": [58.92593, 34.46835, -0.25908],
					"rotation": [0, 0, 47.5]
				},
				{
					"name": "bone106",
					"parent": "bone105",
					"pivot": [58.92593, 33.31835, -0.25908],
					"rotation": [45, 0, 0],
					"cubes": [
						{"origin": [58.92593, 33.06835, -0.50908], "size": [6, 2, 2], "uv": [422, 161]}
					]
				},
				{
					"name": "necrozma_arm_right",
					"parent": "torso_proper",
					"pivot": [-3.4, 33.4, -5.3],
					"rotation": [21.45407, 9.23155, 25.62136]
				},
				{
					"name": "bone52",
					"parent": "necrozma_arm_right",
					"pivot": [-3.42593, 33.56835, -5.25908],
					"rotation": [0, -37.5, -75]
				},
				{
					"name": "bone53",
					"parent": "bone52",
					"pivot": [-1.92593, 32.81835, -5.25908],
					"rotation": [0, 0, 130]
				},
				{
					"name": "bone54",
					"parent": "bone53",
					"pivot": [-1.92593, 31.81835, -6.25908],
					"rotation": [-45, 0, 0]
				},
				{
					"name": "bone55",
					"parent": "bone53",
					"pivot": [-6.92593, 31.81835, -6.25908],
					"rotation": [0, -90, 0]
				},
				{
					"name": "bone56",
					"parent": "bone55",
					"pivot": [-6.92593, 31.81835, -6.25908],
					"rotation": [-45, 0, 0]
				},
				{
					"name": "bone58",
					"parent": "bone55",
					"pivot": [-13.92593, 31.81835, -5.75908],
					"rotation": [-45, 0, 0]
				},
				{
					"name": "bone60",
					"parent": "necrozma_arm_right",
					"pivot": [-3.42593, 33.56835, -5.25908],
					"rotation": [0, -37.5, -75]
				},
				{
					"name": "bone61",
					"parent": "bone60",
					"pivot": [-3.42593, 33.56835, -5.25908],
					"rotation": [-45, 0, 0],
					"cubes": [
						{"origin": [-18.42593, 32.03802, -6.78941], "size": [15, 3, 3], "uv": [386, 109], "mirror": true}
					]
				},
				{
					"name": "bone62",
					"parent": "bone60",
					"pivot": [-1.92593, 32.81835, -5.25908],
					"rotation": [0, 0, 130]
				},
				{
					"name": "bone63",
					"parent": "bone62",
					"pivot": [-1.92593, 31.81835, -6.25908],
					"rotation": [-45, 0, 0]
				},
				{
					"name": "bone65",
					"parent": "bone62",
					"pivot": [-6.92593, 31.81835, -6.25908],
					"rotation": [0, -90, 0]
				},
				{
					"name": "bone66",
					"parent": "bone65",
					"pivot": [-6.92593, 31.81835, -6.25908],
					"rotation": [-45, 0, 0]
				},
				{
					"name": "bone67",
					"parent": "bone65",
					"pivot": [-13.92593, 31.81835, -5.75908],
					"rotation": [-45, 0, 0]
				},
				{
					"name": "bone68",
					"parent": "bone60",
					"pivot": [-17.42593, 33.56835, -5.25908],
					"cubes": [
						{"origin": [-30.42593, 30.56835, -8.25908], "size": [13, 6, 6], "inflate": 0.01, "uv": [360, 97], "mirror": true},
						{"origin": [-39.40093, 28.56835, -11.75908], "size": [11, 10, 13], "inflate": 0.02, "uv": [256, 26], "mirror": true}
					]
				},
				{
					"name": "bone69",
					"parent": "bone68",
					"pivot": [-42.22593, 33.56835, -3.50908],
					"rotation": [0, 45, 0],
					"cubes": [
						{"origin": [-47.72593, 28.56835, -11.50908], "size": [16, 10, 16], "uv": [256, 0], "mirror": true}
					]
				},
				{
					"name": "bone71",
					"parent": "bone69",
					"pivot": [-40.22593, 37.56835, -4.00908],
					"rotation": [-30, 45, 0]
				},
				{
					"name": "bone72",
					"parent": "bone68",
					"pivot": [-17.42593, 32.56835, -8.25908],
					"rotation": [0, -20, 0],
					"cubes": [
						{"origin": [-29.42593, 30.56835, -8.25908], "size": [12, 6, 6], "uv": [314, 109], "mirror": true},
						{"origin": [-41.92593, 28.56835, -8.25908], "size": [13, 10, 7], "inflate": 0.01, "uv": [256, 80], "mirror": true}
					]
				},
				{
					"name": "bone73",
					"parent": "bone68",
					"pivot": [-17.42593, 32.56835, -2.25908],
					"rotation": [0, 19.75, 0],
					"cubes": [
						{"origin": [-29.42593, 30.56835, -8.25908], "size": [12, 6, 6], "uv": [350, 109], "mirror": true},
						{"origin": [-41.92593, 28.56835, -9.25908], "size": [13, 10, 7], "inflate": 0.01, "uv": [336, 61], "mirror": true}
					]
				},
				{
					"name": "finger_right4",
					"parent": "bone68",
					"pivot": [-48.42593, 35.31835, -5.25908]
				},
				{
					"name": "bone74",
					"parent": "finger_right4",
					"pivot": [-48.42593, 35.31835, -5.25908],
					"rotation": [-45, 0, 0],
					"cubes": [
						{"origin": [-58.42593, 33.31835, -7.25908], "size": [10, 4, 4], "uv": [396, 72], "mirror": true}
					]
				},
				{
					"name": "bone75",
					"parent": "finger_right4",
					"pivot": [-56.92593, 35.46835, -5.25908],
					"rotation": [0, 0, -47.5]
				},
				{
					"name": "bone107",
					"parent": "bone75",
					"pivot": [-56.92593, 35.06835, -5.25908],
					"rotation": [-45, 0, 0],
					"cubes": [
						{"origin": [-62.92593, 33.81835, -7.00908], "size": [6, 3, 3], "uv": [422, 132], "mirror": true}
					]
				},
				{
					"name": "bone108",
					"parent": "bone75",
					"pivot": [-61.92593, 35.46835, -5.25908],
					"rotation": [0, 0, -47.5]
				},
				{
					"name": "bone109",
					"parent": "bone108",
					"pivot": [-61.92593, 34.31835, -5.25908],
					"rotation": [-45, 0, 0],
					"cubes": [
						{"origin": [-67.92593, 34.06835, -7.00908], "size": [6, 2, 2], "uv": [372, 93], "mirror": true}
					]
				},
				{
					"name": "finger_right5",
					"parent": "bone68",
					"pivot": [-45.42593, 34.31835, -10.25908],
					"rotation": [0, -25, 0]
				},
				{
					"name": "bone110",
					"parent": "finger_right5",
					"pivot": [-45.42593, 34.31835, -10.25908],
					"rotation": [-45, 0, 0],
					"cubes": [
						{"origin": [-55.42593, 32.31835, -12.25908], "size": [10, 4, 4], "uv": [396, 80], "mirror": true}
					]
				},
				{
					"name": "bone111",
					"parent": "finger_right5",
					"pivot": [-53.92593, 34.46835, -10.25908],
					"rotation": [0, 0, -47.5]
				},
				{
					"name": "bone112",
					"parent": "bone111",
					"pivot": [-53.92593, 34.06835, -10.25908],
					"rotation": [-45, 0, 0],
					"cubes": [
						{"origin": [-59.92593, 32.81835, -12.00908], "size": [6, 3, 3], "uv": [424, 88], "mirror": true}
					]
				},
				{
					"name": "bone113",
					"parent": "bone111",
					"pivot": [-58.92593, 34.46835, -10.25908],
					"rotation": [0, 0, -47.5]
				},
				{
					"name": "bone114",
					"parent": "bone113",
					"pivot": [-58.92593, 33.31835, -10.25908],
					"rotation": [-45, 0, 0],
					"cubes": [
						{"origin": [-64.92593, 33.06835, -12.00908], "size": [6, 2, 2], "uv": [420, 44], "mirror": true}
					]
				},
				{
					"name": "finger_right6",
					"parent": "bone68",
					"pivot": [-45.42593, 34.31835, -0.25908],
					"rotation": [0, 25, 0]
				},
				{
					"name": "bone115",
					"parent": "finger_right6",
					"pivot": [-45.42593, 34.31835, -0.25908],
					"rotation": [45, 0, 0],
					"cubes": [
						{"origin": [-55.42593, 32.31835, -2.25908], "size": [10, 4, 4], "uv": [396, 88], "mirror": true}
					]
				},
				{
					"name": "bone116",
					"parent": "finger_right6",
					"pivot": [-53.92593, 34.46835, -0.25908],
					"rotation": [0, 0, -47.5]
				},
				{
					"name": "bone117",
					"parent": "bone116",
					"pivot": [-53.92593, 34.06835, -0.25908],
					"rotation": [45, 0, 0],
					"cubes": [
						{"origin": [-59.92593, 32.81835, -1.50908], "size": [6, 3, 3], "uv": [424, 138], "mirror": true}
					]
				},
				{
					"name": "bone118",
					"parent": "bone116",
					"pivot": [-58.92593, 34.46835, -0.25908],
					"rotation": [0, 0, -47.5]
				},
				{
					"name": "bone119",
					"parent": "bone118",
					"pivot": [-58.92593, 33.31835, -0.25908],
					"rotation": [45, 0, 0],
					"cubes": [
						{"origin": [-64.92593, 33.06835, -0.50908], "size": [6, 2, 2], "uv": [422, 161], "mirror": true}
					]
				},
				{
					"name": "bone294",
					"parent": "chest",
					"pivot": [1, 48, 9],
					"rotation": [10, 0, 0]
				},
				{
					"name": "necrozma_head2",
					"parent": "bone294",
					"pivot": [-1.5, 47.5, -1.75],
					"rotation": [0, -5, 0],
					"cubes": [
						{"origin": [-4.5, 47, -6], "size": [7, 1, 4], "inflate": 0.01, "uv": [544, 453], "mirror": true},
						{"origin": [-6.5, 47, -2], "size": [9, 1, 5], "inflate": 0.01, "uv": [654, 411], "mirror": true}
					]
				},
				{
					"name": "bone263",
					"parent": "necrozma_head2",
					"pivot": [-15.5, 41, -17],
					"rotation": [0, 0, -45],
					"cubes": [
						{"origin": [-2.77208, 36.17157, -6], "size": [7, 2, 4], "uv": [746, 294], "mirror": true}
					]
				},
				{
					"name": "bone262",
					"parent": "necrozma_head2",
					"pivot": [-17.5, 41, -13],
					"rotation": [0, 0, -45],
					"cubes": [
						{"origin": [-4.77208, 36.17157, -2], "size": [10, 2, 5], "uv": [738, 350], "mirror": true}
					]
				},
				{
					"name": "bone261",
					"parent": "necrozma_head2",
					"pivot": [-20.25, 41, -8]
				},
				{
					"name": "bone260",
					"parent": "bone261",
					"pivot": [-20.25, 41, -8],
					"rotation": [0, 0, -45],
					"cubes": [
						{"origin": [-7.52208, 36.17157, 3], "size": [13, 2, 6], "uv": [730, 236], "mirror": true}
					]
				},
				{
					"name": "bone259",
					"parent": "bone261",
					"pivot": [-20.25, 41, -8],
					"rotation": [0, 0, 45],
					"cubes": [
						{"origin": [-17.42157, 53.72792, 3], "size": [13, 2, 6], "inflate": 0.01, "uv": [730, 400], "mirror": true},
						{"origin": [-15.42157, 55.72792, 3], "size": [11, 11, 6], "inflate": 0.01, "uv": [734, 478], "mirror": true}
					]
				},
				{
					"name": "bone258",
					"parent": "necrozma_head2",
					"pivot": [-19.25, 43, -8]
				},
				{
					"name": "bone257",
					"parent": "bone258",
					"pivot": [-23, 41, -2]
				},
				{
					"name": "bone256",
					"parent": "bone257",
					"pivot": [-23, 41, -2],
					"rotation": [0, 0, -45],
					"cubes": [
						{"origin": [-10.27208, 36.17157, 9], "size": [15, 2, 6], "uv": [723, 261], "mirror": true}
					]
				},
				{
					"name": "bone255",
					"parent": "bone257",
					"pivot": [-23, 41, -2],
					"rotation": [0, 0, 45],
					"cubes": [
						{"origin": [-20.17157, 53.72792, 9], "size": [15, 2, 6], "inflate": 0.01, "uv": [726, 362], "mirror": true}
					]
				},
				{
					"name": "bone254",
					"parent": "bone257",
					"pivot": [-24, 41, 4]
				},
				{
					"name": "bone253",
					"parent": "bone254",
					"pivot": [-24, 41, 4],
					"rotation": [0, 0, -45],
					"cubes": [
						{"origin": [-11.27208, 37.17157, 15], "size": [17, 1, 6], "uv": [722, 283], "mirror": true}
					]
				},
				{
					"name": "bone252",
					"parent": "bone254",
					"pivot": [-24, 41, 4],
					"rotation": [0, 0, 45],
					"cubes": [
						{"origin": [-21.17157, 53.72792, 15], "size": [17, 1, 6], "inflate": 0.01, "uv": [722, 375], "mirror": true}
					]
				},
				{
					"name": "bone251",
					"parent": "bone254",
					"pivot": [-25.425, 41, 10]
				},
				{
					"name": "bone120",
					"parent": "bone251",
					"pivot": [-25.425, 41, 10],
					"rotation": [0, 0, -45],
					"cubes": [
						{"origin": [-12.69708, 38.17157, 21], "size": [19, 0, 6], "uv": [724, 341], "mirror": true}
					]
				},
				{
					"name": "bone121",
					"parent": "bone251",
					"pivot": [-25.425, 41, 10],
					"rotation": [0, 0, 45],
					"cubes": [
						{"origin": [-22.59657, 53.72792, 21], "size": [19, 0, 6], "uv": [724, 385], "mirror": true},
						{"origin": [-22.59657, 53.72792, 27], "size": [19, 19, 0], "uv": [730, 303], "mirror": true},
						{"origin": [-22.59657, 53.72792, 21], "size": [1, 19, 0], "uv": [766, 412], "mirror": true},
						{"origin": [-21.59657, 53.72792, 21], "size": [18, 1, 0], "uv": [732, 433], "mirror": true}
					]
				},
				{
					"name": "necrozma_head3",
					"parent": "bone294",
					"pivot": [1.5, 47.5, -1.75],
					"rotation": [0, 5, 0],
					"cubes": [
						{"origin": [-2.5, 47, -6], "size": [7, 1, 4], "inflate": 0.01, "uv": [544, 453]},
						{"origin": [-2.5, 47, -2], "size": [9, 1, 5], "inflate": 0.01, "uv": [654, 411]}
					]
				},
				{
					"name": "bone279",
					"parent": "necrozma_head3",
					"pivot": [15.5, 41, -17],
					"rotation": [0, 0, 45],
					"cubes": [
						{"origin": [-4.22792, 36.17157, -6], "size": [7, 2, 4], "uv": [746, 294]}
					]
				},
				{
					"name": "bone280",
					"parent": "necrozma_head3",
					"pivot": [17.5, 41, -13],
					"rotation": [0, 0, 45],
					"cubes": [
						{"origin": [-5.22792, 36.17157, -2], "size": [10, 2, 5], "uv": [738, 350]}
					]
				},
				{
					"name": "bone281",
					"parent": "necrozma_head3",
					"pivot": [20.25, 41, -8]
				},
				{
					"name": "bone282",
					"parent": "bone281",
					"pivot": [20.25, 41, -8],
					"rotation": [0, 0, 45],
					"cubes": [
						{"origin": [-5.47792, 36.17157, 3], "size": [13, 2, 6], "uv": [730, 236]}
					]
				},
				{
					"name": "bone283",
					"parent": "bone281",
					"pivot": [20.25, 41, -8],
					"rotation": [0, 0, -45],
					"cubes": [
						{"origin": [4.42157, 53.72792, 3], "size": [13, 2, 6], "inflate": 0.01, "uv": [730, 400]},
						{"origin": [4.42157, 55.72792, 3], "size": [11, 11, 6], "uv": [734, 478]}
					]
				},
				{
					"name": "bone284",
					"parent": "necrozma_head3",
					"pivot": [19.25, 43, -8]
				},
				{
					"name": "bone285",
					"parent": "bone284",
					"pivot": [23, 41, -2]
				},
				{
					"name": "bone286",
					"parent": "bone285",
					"pivot": [23, 41, -2],
					"rotation": [0, 0, 45],
					"cubes": [
						{"origin": [-4.72792, 36.17157, 9], "size": [15, 2, 6], "uv": [723, 261]}
					]
				},
				{
					"name": "bone287",
					"parent": "bone285",
					"pivot": [23, 41, -2],
					"rotation": [0, 0, -45],
					"cubes": [
						{"origin": [5.17157, 53.72792, 9], "size": [15, 2, 6], "inflate": 0.01, "uv": [726, 362]}
					]
				},
				{
					"name": "bone288",
					"parent": "bone285",
					"pivot": [24, 41, 4]
				},
				{
					"name": "bone289",
					"parent": "bone288",
					"pivot": [24, 41, 4],
					"rotation": [0, 0, 45],
					"cubes": [
						{"origin": [-5.72792, 37.17157, 15], "size": [17, 1, 6], "uv": [722, 283]}
					]
				},
				{
					"name": "bone290",
					"parent": "bone288",
					"pivot": [24, 41, 4],
					"rotation": [0, 0, -45],
					"cubes": [
						{"origin": [4.17157, 53.72792, 15], "size": [17, 1, 6], "inflate": 0.01, "uv": [722, 375]}
					]
				},
				{
					"name": "bone291",
					"parent": "bone288",
					"pivot": [25.425, 41, 10]
				},
				{
					"name": "bone292",
					"parent": "bone291",
					"pivot": [25.425, 41, 10],
					"rotation": [0, 0, 45],
					"cubes": [
						{"origin": [-6.30292, 38.17157, 21], "size": [19, 0, 6], "uv": [724, 341]}
					]
				},
				{
					"name": "bone293",
					"parent": "bone291",
					"pivot": [25.425, 41, 10],
					"rotation": [0, 0, -45],
					"cubes": [
						{"origin": [3.59657, 53.72792, 21], "size": [19, 0, 6], "uv": [724, 385]},
						{"origin": [3.59657, 53.72792, 27], "size": [19, 19, 0], "uv": [730, 303]},
						{"origin": [21.59657, 53.72792, 21], "size": [1, 19, 0], "uv": [766, 412]},
						{"origin": [3.59657, 53.72792, 21], "size": [18, 1, 0], "uv": [732, 433]}
					]
				}
			]
		}
	]
}