{
	"format_version": "1.10.0",
	"particle_effect": {
		"description": {
			"identifier": "cobblemon:aurasphere_target",
			"basic_render_parameters": {
				"material": "particles_blend",
				"texture": "textures/particles/energyball"
			}
		},
		"events": {
			"event.sound": {
				"sound_effect": {
					"event_name": "move.aurasphere.target"
				}
			}
		},
		"components": {
			"minecraft:emitter_rate_instant": {
				"num_particles": 1
			},
			"minecraft:emitter_lifetime_once": {
				"active_time": 5
			},
			"minecraft:emitter_lifetime_events": {
				"creation_event": "event.sound"
			},
			"minecraft:emitter_shape_point": {
				"offset": ["math.random(-0.03,0.03)", "math.random(-0.03,0.03)", -0.25],
				"direction": ["math.random(-3,3)", "math.random(-3,3)", 100]
			},
			"minecraft:particle_lifetime_expression": {
				"max_lifetime": 0.5
			},
			"minecraft:particle_initial_speed": 0,
			"minecraft:particle_motion_dynamic": {},
			"minecraft:particle_appearance_billboard": {
				"size": [1, 1],
				"facing_camera_mode": "rotate_xyz",
				"uv": {
					"texture_width": 32,
					"texture_height": 128,
					"flipbook": {
						"base_UV": [0, 0],
						"size_UV": [32, 32],
						"step_UV": [0, 32],
						"frames_per_second": 4,
						"max_frame": 4
					}
				}
			},
			"minecraft:particle_appearance_tinting": {
				"color": {
					"interpolant": "v.particle_age / v.particle_lifetime",
					"gradient": {
						"0.0": "#002A8BE2",
						"0.31": "#8C61AEE5",
						"0.54": "#8C61D1E5",
						"0.77": "#A861AEE5",
						"1.0": "#BF2A8BE2"
					}
				}
			}
		}
	}
}