{
	"format_version": "1.12.0",
	"minecraft:geometry": [
		{
			"description": {
				"identifier": "geometry.unknown",
				"texture_width": 128,
				"texture_height": 128,
				"visible_bounds_width": 6,
				"visible_bounds_height": 2.5,
				"visible_bounds_offset": [0, 0.75, 0]
			},
			"bones": [
				{
					"name": "Dedenne",
					"pivot": [0, 0, 0]
				},
				{
					"name": "Body",
					"parent": "Dedenne",
					"pivot": [0, 1.1, 6.1],
					"cubes": [
						{"origin": [-5, 1.2, -3], "size": [10, 5, 9], "inflate": 0.1, "uv": [0, 114]}
					]
				},
				{
					"name": "Neck",
					"parent": "Body",
					"pivot": [0, 6.2, 6],
					"cubes": [
						{"origin": [-4.5, 6.2, -3], "size": [9, 1, 9], "uv": [0, 104]}
					]
				},
				{
					"name": "Head",
					"parent": "Neck",
					"pivot": [0, 6.63591, 5.98646],
					"cubes": [
						{"origin": [-2.5, 6.6, -3.5], "size": [5, 2, 1], "inflate": 0.0011, "uv": [9, 30]},
						{"origin": [-0.5, 7.75, -3.55], "size": [1, 1, 1], "inflate": 0.1, "pivot": [0, 8.25, -2.95], "rotation": [25, 0, 0], "uv": [12, 37]},
						{"origin": [-5, 6.6, -3], "size": [10, 7, 9], "inflate": 0.001, "uv": [0, 88]}
					]
				},
				{
					"name": "EarRight",
					"parent": "Head",
					"pivot": [-4.47868, 12.85374, 2.035],
					"cubes": [
						{"origin": [-8, 14.6, 1.5], "size": [1, 3, 1], "inflate": 0.0001, "pivot": [-5.87868, 15.35374, 1.735], "rotation": [0, 0, -30], "uv": [0, 20], "mirror": true},
						{"origin": [-7.91166, 13.32077, 1.5], "size": [3, 3, 1], "pivot": [-5.87868, 15.35374, 1.735], "rotation": [0, 0, -75], "uv": [19, 34], "mirror": true},
						{"origin": [-4.75736, 14.6, 1.5], "size": [1, 3, 1], "inflate": 0.0001, "pivot": [-5.87868, 15.35374, 1.735], "rotation": [0, 0, -30], "uv": [0, 16], "mirror": true},
						{"origin": [-7.35736, 14.6, 1.5], "size": [3, 3, 1], "inflate": 0.001, "pivot": [-5.87868, 15.35374, 1.735], "rotation": [0, 0, -30], "uv": [0, 34], "mirror": true},
						{"origin": [-7.55757, 13.70447, 1.47], "size": [1, 1, 0], "pivot": [-5.87868, 15.35374, 1.735], "rotation": [0, 0, -75], "uv": [8, 36], "mirror": true},
						{"origin": [-7.5581, 13.82579, 1.49], "size": [2, 2, 0], "pivot": [-5.87868, 15.35374, 1.735], "rotation": [0, 0, -75], "uv": [8, 37], "mirror": true},
						{"origin": [-7.43678, 13.70447, 1.48], "size": [2, 1, 0], "pivot": [-5.87868, 15.35374, 1.735], "rotation": [0, 0, -75], "uv": [33, 8], "mirror": true},
						{"origin": [-7.4, 14.5, 1.47], "size": [3, 2, 0], "pivot": [-5.87868, 15.35374, 1.735], "rotation": [0, 0, -30], "uv": [37, 2], "mirror": true},
						{"origin": [-7.4, 16.2, 1.48], "size": [3, 1, 0], "pivot": [-5.87868, 15.35374, 1.735], "rotation": [0, 0, -30], "uv": [0, 24], "mirror": true}
					]
				},
				{
					"name": "EarLeft",
					"parent": "Head",
					"pivot": [4.47868, 12.85374, 2.035],
					"cubes": [
						{"origin": [7, 14.6, 1.5], "size": [1, 3, 1], "inflate": 0.0001, "pivot": [5.87868, 15.35374, 1.735], "rotation": [0, 0, 30], "uv": [0, 20]},
						{"origin": [4.91166, 13.32077, 1.5], "size": [3, 3, 1], "pivot": [5.87868, 15.35374, 1.735], "rotation": [0, 0, 75], "uv": [19, 34]},
						{"origin": [3.75736, 14.6, 1.5], "size": [1, 3, 1], "inflate": 0.0001, "pivot": [5.87868, 15.35374, 1.735], "rotation": [0, 0, 30], "uv": [0, 16]},
						{"origin": [4.35736, 14.6, 1.5], "size": [3, 3, 1], "inflate": 0.001, "pivot": [5.87868, 15.35374, 1.735], "rotation": [0, 0, 30], "uv": [0, 34]},
						{"origin": [6.55757, 13.70447, 1.47], "size": [1, 1, 0], "pivot": [5.87868, 15.35374, 1.735], "rotation": [0, 0, 75], "uv": [8, 36]},
						{"origin": [5.5581, 13.82579, 1.49], "size": [2, 2, 0], "pivot": [5.87868, 15.35374, 1.735], "rotation": [0, 0, 75], "uv": [8, 37]},
						{"origin": [5.43678, 13.70447, 1.48], "size": [2, 1, 0], "pivot": [5.87868, 15.35374, 1.735], "rotation": [0, 0, 75], "uv": [33, 8]},
						{"origin": [4.4, 14.5, 1.47], "size": [3, 2, 0], "pivot": [5.87868, 15.35374, 1.735], "rotation": [0, 0, 30], "uv": [37, 2]},
						{"origin": [4.4, 16.2, 1.48], "size": [3, 1, 0], "pivot": [5.87868, 15.35374, 1.735], "rotation": [0, 0, 30], "uv": [0, 24]}
					]
				},
				{
					"name": "EyeRight",
					"parent": "Head",
					"pivot": [-2.5, 9.6, -3],
					"cubes": [
						{"origin": [-3.7, 9.5, -3.011], "size": [2, 2, 0], "pivot": [-2.5, 9.6, -3], "rotation": [0, 0, -7.5], "uv": [28, 39], "mirror": true},
						{"origin": [-4.5, 8.6, -3.01], "size": [3, 3, 0], "pivot": [-2.5, 9.6, -3], "rotation": [0, 0, -7.5], "uv": [27, 36], "mirror": true}
					]
				},
				{
					"name": "Mouth",
					"parent": "Head",
					"pivot": [-5.5, 4.6, 2.5],
					"cubes": [
						{"origin": [-2.5, 6.58, -3.51], "size": [5, 2, 1], "uv": [10, 23]}
					]
				},
				{
					"name": "EyeLeft",
					"parent": "Head",
					"pivot": [2.5, 9.6, -3],
					"cubes": [
						{"origin": [1.5, 8.6, -3.01], "size": [3, 3, 0], "pivot": [2.5, 9.6, -3], "rotation": [0, 0, 7.5], "uv": [27, 36]},
						{"origin": [1.7, 9.5, -3.011], "size": [2, 2, 0], "pivot": [2.5, 9.6, -3], "rotation": [0, 0, 7.5], "uv": [28, 39]}
					]
				},
				{
					"name": "antennaLeft",
					"parent": "Head",
					"pivot": [4.67697, 9.05027, -0.505],
					"cubes": [
						{"origin": [5, 9.2, -0.5], "size": [4, 1, 0], "pivot": [6, 9, -0.5], "rotation": [0, 0, -17.5], "uv": [1, 84]},
						{"origin": [5.28951, 7.7676, -0.5], "size": [2, 1, 0], "pivot": [5.78951, 9.6676, -0.5], "rotation": [0, 0, 20], "uv": [1, 91]},
						{"origin": [7.5, 8.1, -0.51], "size": [1, 3, 0], "pivot": [6, 9, -0.5], "rotation": [0, 0, -17.5], "uv": [0, 87]},
						{"origin": [6.2, 8.7, -0.51], "size": [1, 2, 0], "pivot": [6, 9, -0.5], "rotation": [0, 0, -17.5], "uv": [2, 88]}
					]
				},
				{
					"name": "antennaRight",
					"parent": "Head",
					"pivot": [-4.67697, 9.05027, -0.505],
					"cubes": [
						{"origin": [-9, 9.2, -0.5], "size": [4, 1, 0], "pivot": [-6, 9, -0.5], "rotation": [0, 0, 17.5], "uv": [1, 84], "mirror": true},
						{"origin": [-7.28951, 7.7676, -0.5], "size": [2, 1, 0], "pivot": [-5.78951, 9.6676, -0.5], "rotation": [0, 0, -20], "uv": [1, 91], "mirror": true},
						{"origin": [-8.5, 8.1, -0.51], "size": [1, 3, 0], "pivot": [-6, 9, -0.5], "rotation": [0, 0, 17.5], "uv": [0, 87], "mirror": true},
						{"origin": [-7.2, 8.7, -0.51], "size": [1, 2, 0], "pivot": [-6, 9, -0.5], "rotation": [0, 0, 17.5], "uv": [2, 88], "mirror": true}
					]
				},
				{
					"name": "ArmLeft",
					"parent": "Body",
					"pivot": [4.9, 6.3, 2.6],
					"cubes": [
						{"origin": [5, 4.2, 0.5], "size": [3, 2, 2], "inflate": 0.1, "uv": [31, 30]},
						{"origin": [7.5, 5.1, 0.3], "size": [1, 0, 1], "pivot": [8, 5.1, 0.8], "rotation": [40, 0, 0], "uv": [8, 34]},
						{"origin": [7.5, 5.1, 1.7], "size": [1, 0, 1], "pivot": [8, 5.1, 2.2], "rotation": [-40, 0, 0], "uv": [6, 34]},
						{"origin": [7.5, 5.7, 1], "size": [1, 0, 1], "uv": [17, 33]}
					]
				},
				{
					"name": "ArmRight",
					"parent": "Body",
					"pivot": [-4.9, 6.3, 2.6],
					"cubes": [
						{"origin": [-8, 4.2, 0.5], "size": [3, 2, 2], "inflate": 0.1, "uv": [31, 30], "mirror": true},
						{"origin": [-8.5, 5.1, 0.3], "size": [1, 0, 1], "pivot": [-8, 5.1, 0.8], "rotation": [40, 0, 0], "uv": [8, 34], "mirror": true},
						{"origin": [-8.5, 5.1, 1.7], "size": [1, 0, 1], "pivot": [-8, 5.1, 2.2], "rotation": [-40, 0, 0], "uv": [6, 34], "mirror": true},
						{"origin": [-8.5, 5.7, 1], "size": [1, 0, 1], "uv": [17, 33], "mirror": true}
					]
				},
				{
					"name": "Tail1",
					"parent": "Body",
					"pivot": [0, 1.2, 6],
					"cubes": [
						{"origin": [-1, 1.2, 6], "size": [2, 0, 4], "uv": [25, 17]}
					]
				},
				{
					"name": "Tail2",
					"parent": "Tail1",
					"pivot": [0, 1.2, 10],
					"cubes": [
						{"origin": [-1, 1.2, 10], "size": [2, 0, 4], "uv": [25, 4]}
					]
				},
				{
					"name": "Tail3",
					"parent": "Tail2",
					"pivot": [0, 1.2, 14],
					"cubes": [
						{"origin": [-1, 1.2, 14], "size": [2, 0, 4], "uv": [0, 20]}
					]
				},
				{
					"name": "Tail4",
					"parent": "Tail3",
					"pivot": [0, 1.2, 18],
					"cubes": [
						{"origin": [-1, 1.2, 18], "size": [2, 0, 4], "uv": [0, 0]}
					]
				},
				{
					"name": "Tail5",
					"parent": "Tail4",
					"pivot": [0, 1.2, 22],
					"cubes": [
						{"origin": [-1, 1.2, 22], "size": [2, 0, 4], "uv": [0, 4]}
					]
				},
				{
					"name": "Tail6",
					"parent": "Tail5",
					"pivot": [0, 1.2, 26],
					"cubes": [
						{"origin": [-1, 1.2, 26], "size": [2, 0, 4], "uv": [0, 16]}
					]
				},
				{
					"name": "Tail7",
					"parent": "Tail6",
					"pivot": [-0.00708, 1.18783, 30.02256],
					"cubes": [
						{"origin": [-2, 1.2, 30], "size": [4, 0, 4], "uv": [25, 0]},
						{"origin": [-0.85, 1.225, 32.4], "size": [2, 0, 2], "pivot": [0.7, 1.2, 33.9], "rotation": [0, 45, 0], "uv": [23, 0]},
						{"origin": [1, 1.175, 30.41421], "size": [2, 0, 2], "pivot": [2, 1.2, 31.41421], "rotation": [0, 45, 0], "uv": [31, 6]},
						{"origin": [-3, 1.175, 30.41421], "size": [2, 0, 2], "pivot": [-2, 1.2, 31.41421], "rotation": [0, -45, 0], "uv": [31, 6], "mirror": true},
						{"origin": [1, 1.176, 31.58579], "size": [2, 0, 2], "pivot": [2, 1.175, 32.58579], "rotation": [0, 45, 0], "uv": [25, 34]},
						{"origin": [-3, 1.176, 31.58579], "size": [2, 0, 2], "pivot": [-2, 1.175, 32.58579], "rotation": [0, -45, 0], "uv": [25, 34], "mirror": true}
					]
				},
				{
					"name": "FeetLeft",
					"parent": "Dedenne",
					"pivot": [2.4875, 1.15, 2.1],
					"cubes": [
						{"origin": [2.9, 0, -1.6], "size": [1, 0, 1], "pivot": [3.4, 0, -1.1], "rotation": [0, 45, 0], "uv": [28, 23]},
						{"origin": [1.1, 0, -1.6], "size": [1, 0, 1], "pivot": [1.6, 0, -1.1], "rotation": [0, 45, 0], "uv": [19, 30]},
						{"origin": [1.95, 0, -1.6], "size": [1, 0, 1], "pivot": [2.45, 0, -1.1], "rotation": [0, 45, 0], "uv": [0, 30]},
						{"origin": [1, 0.1, -1], "size": [3, 1, 3], "inflate": 0.1, "uv": [29, 21]}
					]
				},
				{
					"name": "FeetRight",
					"parent": "Dedenne",
					"pivot": [-2.4875, 1.15, 2.1],
					"cubes": [
						{"origin": [-4, 0.1, -1], "size": [3, 1, 3], "inflate": 0.1, "uv": [29, 21], "mirror": true},
						{"origin": [-3.9, 0, -1.6], "size": [1, 0, 1], "pivot": [-3.4, 0, -1.1], "rotation": [0, -45, 0], "uv": [28, 23], "mirror": true},
						{"origin": [-2.1, 0, -1.6], "size": [1, 0, 1], "pivot": [-1.6, 0, -1.1], "rotation": [0, -45, 0], "uv": [19, 30], "mirror": true},
						{"origin": [-2.95, 0, -1.6], "size": [1, 0, 1], "pivot": [-2.45, 0, -1.1], "rotation": [0, -45, 0], "uv": [0, 30], "mirror": true}
					]
				}
			]
		}
	]
}