{
    "enabled": true,
    "neededInstalledMods": [],
    "neededUninstalledMods": [],
    "spawns": [
        {
            "id": "entei-1",
            "pokemon": "entei",
            "presets": ["natural"],
            "type": "pokemon",
            "context": "grounded",
            "bucket": "ultra-rare",
            "level": "70",
            "weight": 1.7,
            "condition": {
                "biomes": [
                    "#minecraft:is_nether"
                ]
            }
        }
    ]
}