{
    "enabled": true,
    "neededInstalledMods": [],
    "neededUninstalledMods": [],
    "spawns": [
        {
            "id": "suicune-1",
            "pokemon": "suicune",
            "presets": ["natural"],
            "type": "pokemon",
            "context": "grounded",
            "bucket": "ultra-rare",
            "level": "70",
            "weight": 1.7,
            "condition": {
                "biomes": [
                    "#cobblemon:is_glacial"
                ]
            }
        }
    ]
}