{
    "enabled": true,
    "neededInstalledMods": [],
    "neededUninstalledMods": [],
    "spawns": [
      {
        "id": "registeel-1",
        "pokemon": "registeel",
        "presets": [ "natural" ],
        "type": "pokemon",
        "context": "grounded",
        "bucket": "ultra-rare",
        "level": "50-75",
        "weight": 1.1,
        "condition": {
          "biomes": [ "minecraft:jagged_peaks",
		    "minecraft:warped_forest",
		    "minecraft:soul_sand_valley" ]
        }
      }
    ]
  }