{
    "enabled": true,
    "neededInstalledMods": [],
    "neededUninstalledMods": [],
    "spawns": [
        {
            "id": "calyrex-1",
            "pokemon": "calyrex",
            "presets": [
                "natural"
            ],
            "type": "pokemon",
            "context": "grounded",
            "bucket": "ultra-rare",
            "level": "50",
            "weight": 6.5,
            "condition": {
                "biomes": [
                    "#cobblemon:is_snowy_taiga"
                ]
            }
        }
    ]
}
        