{
    "enabled": true,
    "neededInstalledMods": [],
    "neededUninstalledMods": [],
    "spawns": [
        {
            "id": "celesteela-1",
            "pokemon": "celesteela",
            "presets": [
                "natural"
            ],
            "type": "pokemon",
            "context": "grounded",
            "bucket": "rare",
            "level": "70",
            "weight": 2.5,
            "condition": {
                "biomes": [
                    "#minecraft:is_end"
                ]
            }
        }
    ]
 }