{
    "enabled": true,
    "neededInstalledMods": [],
    "neededUninstalledMods": [],
    "spawns": [
        {
            "id": "charmeleon-1",
            "pokemon": "charmeleon",
            "presets": ["natural"],
            "type": "pokemon",
            "context": "grounded",
            "bucket": "ultra-rare",
            "level": "16-40",
            "weight": 3.6,
            "condition": {
                "biomes": [
                    "minecraft:warped_forest"
                ]
            }
        }
    ]
}