{
    "enabled": true,
    "neededInstalledMods": [],
    "neededUninstalledMods": [],
    "spawns": [
        {
            "id": "charmander-1",
            "pokemon": "charmander",
            "presets": ["natural"],
            "type": "pokemon",
            "context": "grounded",
            "bucket": "ultra-rare",
            "level": "5-31",
            "weight": 6.0,
            "condition": {
                "biomes": [
                    "minecraft:warped_forest"
                ]
            }
        }
    ]
}