{
    "enabled": true,
    "neededInstalledMods": [],
    "neededUninstalledMods": [],
    "spawns": [
        {
            "id": "coalossal-1",
            "pokemon": "coalossal",
            "presets": [
                "natural",
                "wild"
            ],
            "type": "pokemon",
            "context": "grounded",
            "bucket": "rare",
            "level": "34-65",
            "weight": 3.0,
            "condition": {
                "biomes": [
                    "#cobblemon:is_mountain"
                ]
            },
			"anticondition": {
                "biomes": [
                    "#cobblemon:is_floral"
                ]
            }
        },
        {
            "id": "coalossal-2",
            "pokemon": "coalossal",
            "presets": [
                "natural",
                "wild"
            ],
            "type": "pokemon",
            "context": "grounded",
            "bucket": "rare",
            "level": "34-65",
            "weight": 5.5,
            "condition": {
                "minSkyLight": 0,
                "maxSkyLight": 7,
                "biomes": [
                    "#cobblemon:is_overworld"
                ]
			},
			"anticondition": {
                "biomes": [
                    "#cobblemon:is_deep_dark"
                ]
            }
        }
    ]
}
