{
    "enabled": true,
    "neededInstalledMods": [],
    "neededUninstalledMods": [],
    "spawns": [
        {
            "id": "dudunsparce-1",
            "pokemon": "dudunsparce",
            "presets": [
                "natural",
                "wild"
            ],
            "type": "pokemon",
            "context": "grounded",
            "bucket": "rare",
            "level": "32-65",
            "weight": 6.0,
            "condition": {
                "biomes": [
                    "#cobblemon:is_mountain"

                ]
            }
        }
    ]
}