{
    "enabled": true,
    "neededInstalledMods": [],
    "neededUninstalledMods": [],
    "spawns": [
        {
            "id": "enamorus-1",
            "pokemon": "enamorus",
            "presets": ["natural"],
            "type": "pokemon",
            "context": "grounded",
            "bucket": "ultra-rare",
            "level": "45-50",
            "weight": 1,
            "condition": {
                "biomes": [
                    "#cobblemon:is_swamp"
                ]
            }
        }
    ]
}