{
    "enabled": true,
    "neededInstalledMods": [],
    "neededUninstalledMods": [],
    "spawns": [
        {
            "id": "froslass-1",
            "pokemon": "froslass",
            "presets": [
                "natural"
            ],
            "type": "pokemon",
            "context": "grounded",
            "bucket": "uncommon",
            "level": "32-65",
            "weight": 5.0,
            "condition": {
                "timeRange": "night",
                "biomes": [
                    "#cobblemon:is_freezing"
                ]
            }
        }
    ]
}
