{

    "enabled": true,
    "neededInstalledMods": [],
    "neededUninstalledMods": [],
    "spawns": [
      {
        "id": "glameow-1",
        "pokemon": "glameow",
        "presets": [                
            "natural"
        ],
        "type": "pokemon",
        "context": "grounded",
        "bucket": "common",
        "level": "1-35",
        "weight": 4.5,
        "weightMultiplier": {
            "multiplier": 2.5,
            "condition": {
                "timeRange": "night"
            }
        },
        "condition": {
            "canSeeSky": true,
            "biomes": [
                "#cobblemon:is_overworld"
            ],
            "isRaining": false,
            "structures": [
                "#minecraft:village"
            ]
        }

      }
    ]
}