{
    "enabled": true,
    "neededInstalledMods": [],
    "neededUninstalledMods": [],
    "spawns": [
        {
            "id": "haxorus-1",
            "pokemon": "haxorus",
            "presets": [
                "natural",
                "wild"
            ],
            "type": "pokemon",
            "context": "grounded",
            "bucket": "ultra-rare",
            "level": "48-65",
            "weight": 4.0,
            "condition": {
                "biomes": [
                    "#cobblemon:is_mountain"
                ]
            }
        },
        {
            "id": "haxorus-2",
            "pokemon": "haxorus",
            "presets": [
                "natural"
            ],
            "type": "pokemon",
            "context": "grounded",
            "bucket": "ultra-rare",
            "level": "48-70",
            "weight": 1.0,
            "condition": {
                "minSkyLight": 0,
                "maxSkyLight": 7,
                "biomes": [
                    "#cobblemon:is_highlands"
                ],
                "minY": 0
            },
            "anticondition": {
                "biomes": [
                    "#cobblemon:is_mountain"
                ]
            }
        },
        {
            "id": "haxorus-3",
            "pokemon": "haxorus",
            "presets": [
                "natural",
                "wild"
            ],
            "type": "pokemon",
            "context": "grounded",
            "bucket": "rare",
            "level": "56-80",
            "weight": 4.0,
            "condition": {
                "biomes": [
                    "betterend:dragon_graveyards"
                ]
            }
        }
    ]
}