{
    "enabled": "true",
    "neededInstalledMods": [],
    "neededUninstalledMods": [],
    "spawns": [
        {
            "id": "indeedee",
            "pokemon": "indeedee male",
            "presets": [
                "natural"
            ],
            "type": "pokemon",
            "context": "grounded",
            "bucket": "uncommon",
            "level": "40-70",
            "weight": 2.2,
            "condition": {
                "biomes": [
                    "#cobblemon:is_end"
                ]
            }
        },
        {
            "id": "indeedee-2",
            "pokemon": "indeedee female",
            "presets": [
                "natural"
            ],
            "type": "pokemon",
            "context": "grounded",
            "bucket": "uncommon",
            "level": "40-70",
            "weight": 2.2,
            "condition": {
                "biomes": [
                    "#cobblemon:is_end"
                ]
            }
        }


    ]
}