{
    "enabled": "true",
    "neededInstalledMods": [],
    "neededUninstalledMods": [],
    "spawns": [
        {
            "id": "ironvaliant",
            "pokemon": "ironvaliant",
            "presets": [
                "natural"
            ],
            "type": "pokemon",
            "context": "grounded",
            "bucket": "rare",
            "level": "55-70",
            "weight": 7.0,
            "condition": {
                "biomes": [
                    "#cobblemon:is_plains"
                ],
                "neededNearbyBlocks": [
                    "minecraft:lightning_rod"
                ]
            }
        }
    ]
}