{
    "enabled": "true",
    "neededInstalledMods": [],
    "neededUninstalledMods": [],
    "spawns": [
        {
            "id": "irontreads-1",
            "pokemon": "irontreads",
            "presets": [
                "natural"
            ],
            "type": "pokemon",
            "context": "grounded",
            "bucket": "rare",
            "level": "40-65",
            "weight": 2,
            "condition": {
                "biomes": [
                    "#cobblemon:is_cave",
                    "minecraft:warped_forest"
                ]
            }
        }
    ]
}