{
    "enabled": true,
    "neededInstalledMods": [],
    "neededUninstalledMods": [],
    "spawns": [
        {
            "id": "ironhands-1",
            "pokemon": "ironhands",
            "presets": [
                "natural",
                "wild"
            ],
            "type": "pokemon",
            "context": "grounded",
            "bucket": "rare",
            "level": "45-60",
            "weight": 2,
            "condition": {
                "biomes": [
                    "#cobblemon:is_mountain",
                    "minecraft:warped_forest"
                ]
            }
        }
    ]
 }