{
    "enabled": true,
    "neededInstalledMods": [],
    "neededUninstalledMods": [],
    "spawns": [
        {
            "id": "ironjugulis-1",
            "pokemon": "ironjugulis",
            "presets": [
                "natural"
            ],
            "type": "pokemon",
            "context": "grounded",
            "bucket": "rare",
            "level": "45-60",
            "weight": 2,
            "condition": {
                "biomes": [
                    "minecraft:warped_forest",
                    "minecraft:soul_sand_valley"
                ]
            }
        }
    ]
 }