{
    "enabled": true,
    "neededInstalledMods": [],
    "neededUninstalledMods": [],
    "spawns": [
        {
            "id": "ironcrown-1",
            "pokemon": "ironcrown",
            "presets": [
                "natural"
               
            ],
            "type": "pokemon",
            "context": "grounded",
            "bucket": "ultra-rare",
            "level": "70",
            "weight": 2,
            "condition": {
                "biomes": [
                    "#cobblemon:is_hills",
                    "minecraft:warped_forest"
                ]
            }
        }
    ]
 }