{
   "enabled": true,
   "neededInstalledMods": [],
   "neededUninstalledMods": [],
   "spawns": [
       {
           "id": "keldeo-1",
           "pokemon": "keldeo",
           "presets": [
               "natural",
               "wild"
           ],
           "type": "pokemon",
           "context": "grounded",
           "bucket": "ultra-rare",
           "level": "70-80",
           "weight": 2,
           "condition": {
               "biomes": [
                   "#cobblemon:is_plains"
               ]
           }
       }
   ]
}