{
    "enabled": "true",
    "neededInstalledMods": [],
    "neededUninstalledMods": [],
    "spawns": [
        {
            "id": "koraidon-1",
            "pokemon": "koraidon",
            "presets": [
                "natural",
                "wild"
            ],
            "type": "pokemon",
            "context": "grounded",
            "bucket": "ultra-rare",
            "level": "65-75",
            "weight": 0.7,
            "condition": {
                "biomes": [
                    "#cobblemon:is_badlands",
                    "#cobblemon:is_arid"
                ]
            }
        }
    ]
}