{
   "enabled": true,
   "neededInstalledMods": [],
   "neededUninstalledMods": [],
   "spawns": [
       {
           "id": "kubfu-1",
           "pokemon": "kubfu",
           "presets": [
               "natural"
           ],
           "type": "pokemon",
           "context": "grounded",
           "bucket": "ultra-rare",
           "level": "15-30",
           "weight": 4.0,
           "condition": {
               "biomes": [
                   "#cobblemon:is_bamboo"
               ]
           }
       }
   ]
}