{
    "enabled": true,
    "neededInstalledMods": [],
    "neededUninstalledMods": [],
    "spawns": [
        {
            "id": "lycanroc-1",
            "pokemon": "lycanroc wolf_form=midday",
            "presets": [
                "natural"
            ],
            "type": "pokemon",
            "context": "grounded",
            "bucket": "uncommon",
            "level": "29-45",
            "weight": 1.5,
            "condition": {
                "timeRange": "day",
                "canSeeSky": true,
                "biomes": [
                    "#cobblemon:is_mountain"
                ]
            }
        },
        {
            "id": "lycanroc-2",
            "pokemon": "lycanroc wolf_form=midnight",
            "presets": [
                "natural"
            ],
            "type": "pokemon",
            "context": "grounded",
            "bucket": "uncommon",
            "level": "29-45",
            "weight": 1.5,
            "condition": {
                "timeRange": "night",
                "canSeeSky": true,
                "biomes": [
                    "#cobblemon:is_mountain"
                ]
            }
        },
        {
            "id": "lycanroc-3",
            "pokemon": "lycanroc wolf_form=dusk",
            "presets": [
                "natural"
            ],
            "type": "pokemon",
            "context": "grounded",
            "bucket": "uncommon",
            "level": "29-45",
            "weight": 2.5,
            "condition": {
                "timeRange": "12750-13650",
                "canSeeSky": true,
                "biomes": [
                    "#cobblemon:is_mountain"
                ]
            }
        }
    ]
}