{
    "enabled": true,
    "neededInstalledMods": [],
    "neededUninstalledMods": [],
    "spawns": [
        {
            "id": "manaphy-1",
            "pokemon": "manaphy",
            "type": "pokemon",
            "context": "fishing",
            "bucket": "ultra-rare",
            "level": "50",
            "weight": 1.5,
            "condition": {
                "biomes": [
                    "#cobblemon:is_ocean"
                ],
                "minLureLevel": 2
            }
        }
    ]
}