{
    "enabled": true,
    "neededInstalledMods": [],
    "neededUninstalledMods": [],
    "spawns": [
        {
            "id": "meltan-1",
            "pokemon": "meltan",
            "presets": [
                "natural"
            ],
            "type": "pokemon",
            "context": "grounded",
            "bucket": "ultra-rare",
            "level": "11-41",
            "weight": 0.6,
            "condition": {
                "biomes": [
                    "minecraft:warped_forest",
                    "#minecraft:is_end"
                ]
            }
        }
    ]
}