{
    "enabled": "true",
    "neededInstalledMods": [],
    "neededUninstalledMods": [],
    "spawns": [
        {
            "id": "miraidon-1",
            "pokemon": "miraidon",
            "presets": [
                "natural",
                "wild"
            ],
            "type": "pokemon",
            "context": "grounded",
            "bucket": "ultra-rare",
            "level": "65-75",
            "weight": 0.7,
            "condition": {
                "biomes": [
                    "#cobblemon:is_badlands",
                    "#cobblemon:is_desert"
                ]
            }
        }
    ]
}