{
    "enabled": false,
    "neededInstalledMods": [],
    "neededUninstalledMods": [],
    "spawns": [
        {
            "id": "naganadel-1",
            "pokemon": "naganadel",
            "type": "pokemon",
            "context": "grounded",
            "bucket": "ultra-rare",
            "level": "70",
            "weight": 0.2,
            "condition": {
                "canSeeSky": true,
                "biomes": [
                    "minecraft:mangrove_swamp"
                ]
			}
		}
    ]
}