{
    "enabled": true,
    "neededInstalledMods": [],
    "neededUninstalledMods": [],
    "spawns": [
        {
            "id": "nihilego-1",
            "pokemon": "nihilego",
            "presets": [
                "natural"
            ],
            "type": "pokemon",
            "context": "grounded",
            "bucket": "ultra-rare",
            "level": "60",
            "weight": 5.0,
            "condition": {
                "biomes": [
                    "#cobblemon:is_swamp"
                ]
            }
        }
    ]
}