{
    "enabled": true,
    "neededInstalledMods": [],
    "neededUninstalledMods": [],
    "spawns": [
        {
            "id": "noivern-1",
            "pokemon": "noivern",
            "presets": [
                "natural"
            ],
            "type": "pokemon",
            "context": "grounded",
            "bucket": "rare",
            "level": "50-60",
            "weight": 3.0,
            "weightMultiplier": {
                "multiplier": 2,
                "condition": {
                    "moonPhase": "1"
                }
            },
    	    "condition": {
                "biomes": [
                    "#cobblemon:is_spooky"
                ],
		        "timeRange": "night"
            }
        },
        {
            "id": "noivern-2",
            "pokemon": "noivern",
            "presets": [
                "natural"
            ],
            "type": "pokemon",
            "context": "grounded",
            "bucket": "rare",
            "level": "50-70",
            "weight": 5.0,
            "condition": {
                "minSkyLight": 0,
                "maxSkyLight": 7,
                "biomes": [
                    "#cobblemon:is_overworld"
                ],
                "maxY": -32
            },
            "anticondition": {
                "biomes": [
                    "#cobblemon:is_cave"
                ]
            }
        },
        {
            "id": "noivern-3",
            "pokemon": "noivern",
            "presets": [
                "natural"
            ],
            "type": "pokemon",
            "context": "grounded",
            "bucket": "rare",
            "level": "50-80",
            "weight": 6.0,
            "condition": {
                "minSkyLight": 0,
                "maxSkyLight": 7,
                "biomes": [
                    "#cobblemon:is_dripstone",
                    "#cobblemon:is_deep_dark"
                ]
            }
        },
        {
            "id": "noivern-4",
            "pokemon": "noivern",
            "presets": [
                "natural"
            ],
            "type": "pokemon",
            "context": "grounded",
            "bucket": "rare",
            "level": "50-70",
            "weight": 5.0,
            "condition": {
                "biomes": [
                    "betterend:chorus_forest",
                    "betterend:foggy_mushroomland",
                    "betterend:umbrella_jungle"
                ]
            }
        }
    ]
}