{
  "enabled": true,
  "neededInstalledMods": [],
  "neededUninstalledMods": [],
  "spawns": [
    {
      "id": "palkia-1",
      "pokemon": "palkia",
      "type": "pokemon",
      "context": "submerged",
      "bucket": "ultra-rare",
      "level": "70",
      "weight": 1.5,
      "condition": {
        "biomes": [ 
          "#cobblemon:is_lukewarm"
         ]  
      }
    },
    {
      "id": "palkia-2",
      "pokemon": "palkia",
      "type": "pokemon",
      "context": "grounded",
      "bucket": "ultra-rare",
      "level": "70",
      "weight": 1.5,
      "condition": {
        "biomes": [ 
          "#minecraft:is_beach"
         ],
         "timeRange": "any",
          "isRaining": false,
          "neededBaseBlocks": [
              "minecraft:sand"
          ]
      }
    }
  ]
}