{
   "enabled": true,
   "neededInstalledMods": [],
   "neededUninstalledMods": [],
   "spawns": [
       {
           "id": "pawniard-1",
           "pokemon": "pawniard",
           "presets": [
               "natural"
           ],
           "type": "pokemon",
           "context": "grounded",
           "bucket": "uncommon",
           "level": "10-38",
           "weight": 4,
           "condition": {
               "biomes": [
                   "#cobblemon:is_bamboo"
               ]
           },
           "weightMultipliers": [
            {
                "multiplier": 3,
                "condition": {
                    "timeRange": "night"
                }
            }
        ]
       }
   ]
}