{
    "enabled": true,
    "neededInstalledMods": [],
    "neededUninstalledMods": [],
    "spawns": [
        {
            "id": "poltchageist-1",
            "pokemon": "poltchageist",
            "presets": [
                "natural"
            ],
            "type": "pokemon",
            "context": "grounded",
            "bucket": "rare",
            "level": "15-48",
            "weight": 7.8,
            "condition": {
                "biomes": [
                    "#cobblemon:is_spooky"
                ]
            }
        }
    ]
}