{
    "enabled": true,
    "neededInstalledMods": [],
    "neededUninstalledMods": [],
    "spawns": [
        {
            "id": "ragingbolt-1",
            "pokemon": "ragingbolt shiny=no",
             "presets": [
                "natural"
            ],
            "type": "pokemon",
            "context": "grounded",
            "bucket": "ultra-rare",
            "level": "60-75",
            "weight": 4.0,
            "weightMultipliers": [
                {
                    "multiplier": 1.5,
                    "condition": {
                        "isRaining": true
                    }
                },
                {
                    "multiplier": 3,
                    "condition": {
                        "isThundering": true
                    }
                }
            ],
            "condition": {
                "biomes": [
                    "#cobblemon:is_coast"
                ]
            }
        }
    ]
}
        