{
   "enabled": true,
   "neededInstalledMods": [],
   "neededUninstalledMods": [],
   "spawns": [
       {
           "id": "regidrago-1",
           "pokemon": "regidrago",
           "presets": [
               "natural",
               "wild"
           ],
           "type": "pokemon",
           "context": "grounded",
           "bucket": "ultra-rare",
           "level": "70",
           "weight": 1,
           "condition": {
               "biomes": [
                   "#minecraft:is_end",
                   "minecraft:warped_forest"
               ]
           }
       }
   ]
}