{
   "enabled": true,
   "neededInstalledMods": [],
   "neededUninstalledMods": [],
   "spawns": [
       {
           "id": "regieleki-1",
           "pokemon": "regieleki",
           "presets": [
               "natural"
           ],
           "type": "pokemon",
           "context": "grounded",
           "bucket": "ultra-rare",
           "level": "70",
           "weight": 1,
           "weightMultiplier": {
                "multiplier": 2.0,
                "condition": {
                    "isThundering": true
                }
            },
           "condition": {
               "biomes": [
                   "#cobblemon:is_desert"
               ]
           }
       }
   ]
}