{
   "enabled": true,
   "neededInstalledMods": [],
   "neededUninstalledMods": [],
   "spawns": [
       {
           "id": "reshiram-1",
           "pokemon": "reshiram",
           "presets": [
               "natural"
           ],
           "type": "pokemon",
           "context": "grounded",
           "bucket": "ultra-rare",
           "level": "70",
           "weight": 3.5,
           "condition": {
               "biomes": [
                   "#cobblemon:nether/is_basalt"
               ]
           }
       }
   ]
}