{
    "enabled": true,
    "neededInstalledMods": [],
    "neededUninstalledMods": [],
    "spawns": [
        {
            "id": "spritzee-1",
            "pokemon": "spritzee",
            "presets": [
                "natural"
            ],
            "type": "pokemon",
            "context": "grounded",
            "bucket": "uncommon",
            "level": "15-28",
            "weight": 0.75,
            "weightMultiplier": {
				"multiplier": 8.0,
				"condition": {
					"timeRange": "day"
				}
			},
            "condition": {
                "biomes": [
                    "#cobblemon:is_magical",
                    "#cobblemon:is_floral"
                ]
            }
        }
    ]
}
