{
    "enabled": true,
    "neededInstalledMods": [],
    "neededUninstalledMods": [],
    "spawns": [
        {
            "id": "swablu-1",
            "pokemon": "swablu",
            "presets": [
               "natural"
           ],
            "type": "pokemon",
            "context": "grounded",
            "bucket": "uncommon",
            "level": "15-34",
            "weight": 10.0,
            "condition": {
		        "minY": 100,
                "biomes": [
                    "#cobblemon:is_mountain"
                ]
            }
        }
    ]
}