{
    "enabled": true,
    "neededInstalledMods": [],
    "neededUninstalledMods": [],
    "spawns": [
        {
            "id": "terrakion-1",
            "pokemon": "terrakion",
            "presets": [
                "natural"
            ],
            "type": "pokemon",
            "context": "grounded",
            "bucket": "ultra-rare",
            "level": "70",
            "weight": 2,
            "condition": {
                "biomes": [
                    "minecraft:dripstone_caves"
                ]
            }
        }
    ]
 }