{
    "enabled": true,
    "neededInstalledMods": [],
    "neededUninstalledMods": [],
    "spawns": [
        {
            "id": "toxel-1",
            "pokemon": "toxel",
            "presets": [],
            "type": "pokemon",
            "context": "grounded",
            "bucket": "uncommon",
            "level": "15-40",
            "weight": 9.0,
            "condition": {
                "biomes": [
                    "#cobblemon:is_overworld"
                ],
                "neededNearbyBlocks": [
                    "cobblemon:pasture"
                ]
            }
        }
    ]
}
