{
    "enabled": "true",
    "neededInstalledMods": [],
    "neededUninstalledMods": [],
    "spawns": [
        {
            "id": "trubbish-1",
            "pokemon": "trubbish",
            "presets": [
                "urban"
            ],
            "type": "pokemon",
            "context": "grounded",
            "bucket": "uncommon",
            "level": "8-20",
            "weight": 5,
            "condition": {
                "biomes": [
                    "#cobblemon:is_grasslands",
                    "#cobblemon:is_spring"

                ]
            }
        }
    ]
}