{
   "enabled": true,
   "neededInstalledMods": [],
   "neededUninstalledMods": [],
   "spawns": [
       {
           "id": "typenull-1",
           "pokemon": "typenull",
           "presets": [
               "natural",
               "wild"
           ],
           "type": "pokemon",
           "context": "grounded",
           "bucket": "ultra-rare",
           "level": "70-100",
           "weight": 1,
           "condition": {
               "biomes": [
                   "#cobblemon:is_savanna",
                   "minecraft:warped_forest"
               ]
           }
       }
   ]
}