{
    "enabled": true,
    "neededInstalledMods": [],
    "neededUninstalledMods": [],
    "spawns": [
        {
            "id": "ursaluna-bloodmoon-1",
            "pokemon": "ursaluna bloodmoon",
            "presets": [
                "natural"
            ],
            "type": "pokemon",
            "context": "grounded",
            "bucket": "rare",
            "level": "50-65",
            "weight": 1,
            "weightMultipliers": [
                {
                    "multiplier": 3,
                    "condition": {
                       "moonPhase": 0
                    }
                }
            ],
            "condition": {
                "biomes": [
                    "#cobblemon:is_spooky"
                ],
                "timeRange": "night"
            }
        }
    ]
}