{
  "enabled": true,
  "neededInstalledMods": [],
  "neededUninstalledMods": [],
  "spawns": [
      {
          "id": "volcanion-1",
          "pokemon": "volcanion",
          "presets": [
              "natural"
          ],
          "type": "pokemon",
          "context": "grounded",
          "bucket": "ultra-rare",
          "level": "70",
          "weight": 1.7,
          "condition": {
              "biomes": [
                  "#cobblemon:is_river"
              ],
              "canSeeSky":"true"
          }
      }
  ]
}
