{
    "enabled": true,
    "neededInstalledMods": [],
    "neededUninstalledMods": [],
    "spawns": [
        {
            "id": "xurkitree-1",
            "pokemon": "xurkitree",
            "presets": [
                "natural"
            ],
            "type": "pokemon",
            "context": "grounded",
            "bucket": "ultra-rare",
            "level": "60",
            "weight": 7.0,
            "condition": {
                "biomes": [
                    "#cobblemon:is_end"
                ],
                "neededNearbyBlocks": [
                    "minecraft:lightning_rod"
                ]
            }
        }
    ]
 }