{
    "enabled": true,
    "neededInstalledMods": [],
    "neededUninstalledMods": [],
    "spawns": [
        {
            "id": "yamask-galarian-1",
            "pokemon": "yamask galarian",
            "presets": [
                "stronghold"
            ],
            "type": "pokemon",
            "context": "grounded",
            "bucket": "uncommon",
            "level": "10-33",
            "weight": 20.0,
            "condition": {
                "canSeeSky": false,
                "biomes": [
                    "#cobblemon:is_overworld"
                ]
            }
        },
        {
            "id": "yamask-galarian-2",
            "pokemon": "yamask galarian",
            "presets": [
                "trail_ruins"
            ],
            "type": "pokemon",
            "context": "grounded",
            "bucket": "rare",
            "level": "10-33",
            "weight": 10.0,
            "condition": {
                "timeRange": "night",
		        "biomes": [
                    "#cobblemon:is_overworld"
                ]
            }
        }
    ]
}
