{
   "enabled": true,
   "neededInstalledMods": [],
   "neededUninstalledMods": [],
   "spawns": [
       {
           "id": "zacian-1",
           "pokemon": "zacian",
           "presets": [
               "natural",
               "wild"
           ],
           "type": "pokemon",
           "context": "grounded",
           "bucket": "ultra-rare",
           "level": "70-100",
           "weight": 0.7,
           "condition": {
               "biomes": [
                   "#cobblemon:is_forest"
               ]
           }
       }
   ]
}