{
    "enabled": true,
    "neededInstalledMods": [],
    "neededUninstalledMods": [],
    "spawns": [
        {
            "id": "zapdos",
            "pokemon": "zapdos",
            "presets": ["natural"],
            "type": "pokemon",
            "context": "grounded",
            "bucket": "ultra-rare",
            "level": "60",
            "weight": 2.0,
            "condition": {
                "canSeeSky": true,
                "minY": 100,
                "biomes": [
                    "#cobblemon:is_overworld"
                ]
            },
            "weightMultipliers": [
                {
                    "multiplier": 4,
                    "condition": {
                        "isThundering": true
                    },
                    "anticondition": {
                        "biomes": [
                            "#cobblemon:is_arid",
                            "#cobblemon:is_snowy"
                        ]
                    }
                }
            ]
        },
        {
            "id": "zapdos-galarian",
            "pokemon": "zapdos galarian",
            "presets": ["natural"],
            "type": "pokemon",
            "context": "grounded",
            "bucket": "ultra-rare",
            "level": "60",
            "weight": 1.0,
            "condition": {
                "biomes": [
                    "#cobblemon:is_mountain"
                ],
                "isRaining": false
            }
        }
    ]
}