{
   "enabled": true,
   "neededInstalledMods": [],
   "neededUninstalledMods": [],
   "spawns": [
        {
           "id": "zekrom-1",
           "pokemon": "zekrom",
           "presets": [
               "natural"
           ],
           "type": "pokemon",
           "context": "grounded",
           "bucket": "ultra-rare",
           "level": "70",
           "weight": 1.5,
           "weightMultipliers": [
                {
                    "multiplier": 3.5,
                    "condition": {
                        "isThundering": true
                    }
                }
            ],
           "condition": {
               "biomes": [
                   "#cobblemon:is_mountain"
               ]
            }
        }
    ]
}