{
    "enabled": true,
    "neededInstalledMods": [],
    "neededUninstalledMods": [],
    "spawns": [
      {
        "id": "zeraora-1",
        "pokemon": "zeraora",
        "presets": [                
            "natural"
        ],
        "type": "pokemon",
        "context": "grounded",
        "bucket": "ultra-rare",
        "level": "60",
        "weight": 4.0,
        "condition": {
            "canSeeSky": true,
            "biomes": [
                "#cobblemon:is_desert"
            ]
        }
      }
    ]
  }