{
    "enabled": true,
    "neededInstalledMods": [],
    "neededUninstalledMods": [],
    "spawns": [
        {
            "id": "zygarde-1",
            "pokemon": "zygarde percent_cells=1",
            "presets": [
                "natural"
            ],
            "type": "pokemon",
            "context": "grounded",
            "bucket": "ultra-rare",
            "level": "1-10",
            "weight": 2.5,
            "weightMultiplier": {
                "multiplier": 1.5,
                "condition": {
                    "maxY": -16
                }
            },
            "condition": {
                "minSkyLight": 0,
                "maxSkyLight": 7,
                "maxY": 0,
                "biomes": [
                    "#cobblemon:is_overworld"
                ]
            }
        }
    ]
}
