{
  "timeline": [
    {
      "type": "add_holds",
      "holds": ["effects"]
    },
    {
      "type": "animation",
      "animation": ["discharge", "paraboliccharge", "special"],
      "delay": 1.2
    },
    {
      "type": "entity_particles",
      "effect": "cobblemon:discharge_spill",
      "locators": ["middle"],
      "delay": 0.72
    },
    {
      "type": "entity_particles",
      "effect": "cobblemon:discharge_actor",
      "locators": ["middle"],
      "delay": 0.03
    },
    {
      "type": "pause",
      "pause": 0.37
    },
    {
      "type": "entity_particles",
      "entityCondition": "q.entity.is_user == false && q.missed(q.entity.uuid) == false",
      "effect": "cobblemon:impact_electric",
      "locators": ["target"]
    },
    {
      "type": "pause",
      "pause": 0.01
    },
    {
      "type": "remove_holds",
      "holds": ["effects"]
    },
    {
      "type": "pause",
      "pause": 1.8
    }
  ]
}