{
    "timeline": [
        {
            "type": "add_holds",
            "holds": ["effects"]
        },
        {
            "type": "animation",
            "animation": ["earthquake", "physical"],
            "delay": 1.2
        },
        {
            "type": "entity_molang",
            "entityCondition": "q.entity.is_user == false && q.missed(q.entity.uuid) == false",
            "expressions": ["q.play_animation(q.bedrock_stateful('earthquake', 'target'))"],
            "delay": 0.03
        },
        {
            "type": "pause",
            "pause": 3.25
        },
        {
            "type": "remove_holds",
            "holds": ["effects"]
        },
        {
            "type": "pause",
            "pause": 0.5
        }
    ]
}