{
  "timeline": [
    {
      "type": "add_holds",
      "holds": ["effects"]
    },
    {
      "type": "animation",
      "animation": ["selfdestruct", "explode", "physical"],
      "delay": 1.2
    },
    {
      "type": "entity_particles",
      "effect": "cobblemon:selfdestruct_actor",
      "locators": ["middle"],
      "delay": 0.03
    },
    {
      "type": "remove_holds",
      "holds": ["effects"]
    },
    {
      "type": "pause",
      "pause": 0.4
    },
    {
      "type": "entity_particles",
      "entityCondition": "q.entity.is_user == false && q.missed(q.entity.uuid) == false",
      "effect": "cobblemon:impact_normal",
      "locators": ["target"]
    },
    {
      "type": "pause",
      "pause": 1.8
    }
  ]
}