{
    "timeline": [
        {
            "type": "add_holds",
            "holds": ["effects"]
        },
        {
            "type": "animation",
            "animation": ["twinkletackle", "special"],
            "delay": 1.2
        },
        {
            "type": "entity_molang",
            "expressions": ["q.play_animation(q.bedrock_stateful('twinkletackle', 'actor'))"],
            "delay": 0.03
        },
        {
            "type": "pause",
            "pause": 3.8
        },
        {
            "type": "entity_molang",
            "entityCondition": "q.entity.is_user == false && q.missed(q.entity.uuid) == false",
            "expressions": ["q.play_animation(q.bedrock_stateful('twinkletackle', 'target'))"],
            "delay": 0.03
        },
        {
            "type": "pause",
            "pause": 1.75
        },
        {
            "type": "remove_holds",
            "holds": ["effects"]
        },
        {
            "type": "pause",
            "pause": 0.5
        }
    ]
}