{
	"format_version": "1.12.0",
	"minecraft:geometry": [
		{
			"description": {
				"identifier": "geometry.unknown",
				"texture_width": 128,
				"texture_height": 128,
				"visible_bounds_width": 4,
				"visible_bounds_height": 4.5,
				"visible_bounds_offset": [0, 1.75, 0]
			},
			"bones": [
				{
					"name": "ting_lu",
					"pivot": [0, 0, 0]
				},
				{
					"name": "body",
					"parent": "ting_lu",
					"pivot": [0, 20.6078, -16.59386]
				},
				{
					"name": "torso",
					"parent": "body",
					"pivot": [0, 18.5578, 8.31448],
					"cubes": [
						{"origin": [-2, 12.1078, 0.40614], "size": [3, 3, 5], "inflate": 0.01, "uv": [22, 73]},
						{"origin": [-4, 15.1078, 8.40614], "size": [8, 6, 2], "uv": [46, 15]},
						{"origin": [-5, 12.6078, -1.59386], "size": [10, 11, 6], "uv": [34, 25]},
						{"origin": [-4, 14.1078, 4.40614], "size": [8, 8, 4], "uv": [0, 57]},
						{"origin": [-2, 11.6078, 2.40614], "size": [3, 1, 2], "uv": [54, 80]}
					]
				},
				{
					"name": "torso_up",
					"parent": "torso",
					"pivot": [0, 17.55561, -0.29952],
					"cubes": [
						{"origin": [-6, 12.6078, -10.59386], "size": [12, 14, 11], "pivot": [0, 18.6078, -5.59386], "rotation": [-12.5, 0, 0], "uv": [0, 0]},
						{"origin": [0, 27.6078, -9.59386], "size": [0, 2, 9], "pivot": [0, 18.6078, -5.59386], "rotation": [-12.5, 0, 0], "uv": [72, 42]},
						{"origin": [-1, 26.6078, -9.59386], "size": [2, 1, 9], "pivot": [0, 18.6078, -5.59386], "rotation": [-12.5, 0, 0], "uv": [70, 0]},
						{"origin": [-2, 11.3527, -8.26456], "size": [4, 2, 6], "inflate": 0.01, "uv": [44, 72]},
						{"origin": [0, 9.71519, -8.1213], "size": [0, 2, 6], "pivot": [0, 10.71519, -6.1213], "rotation": [10, 0, 0], "uv": [36, 78]}
					]
				},
				{
					"name": "neck",
					"parent": "torso_up",
					"pivot": [0, 25.1078, -8.59386],
					"cubes": [
						{"origin": [-5, 16.1078, -15.59386], "size": [10, 9, 7], "uv": [0, 25]}
					]
				},
				{
					"name": "head",
					"parent": "neck",
					"pivot": [-0.00687, 25.09186, -15.58478],
					"cubes": [
						{"origin": [-3, 18.1078, -25.59386], "size": [6, 7, 5], "uv": [0, 69]},
						{"origin": [-0.51, 22.1428, -27.90386], "size": [1, 0, 1], "pivot": [-0.01, 22.1428, -27.40386], "rotation": [0, -45, 0], "uv": [64, 72]},
						{"origin": [-1.01, 17.11711, -26.81235], "size": [2, 1, 6], "uv": [64, 79]},
						{"origin": [-0.01, 15.61711, -26.81235], "size": [0, 2, 2], "uv": [16, 85]},
						{"origin": [-0.01, 14.61711, -24.81235], "size": [0, 3, 2], "uv": [44, 58]},
						{"origin": [-0.01, 15.94211, -23.01235], "size": [0, 2, 2], "pivot": [-0.01, 16.94211, -21.81235], "rotation": [-7.5, 0, 0], "uv": [20, 85]},
						{"origin": [-3, 18.1078, -28.39386], "size": [6, 4, 3], "inflate": 0.01, "uv": [64, 72]},
						{"origin": [0.99, 18.1178, -28.4185], "size": [2, 2, 0], "uv": [60, 73]},
						{"origin": [-2.16645, 19.46135, -28.4185], "size": [1, 1, 0], "pivot": [-2.02, 19.6078, -28.41386], "rotation": [0, 0, -45], "uv": [60, 73], "mirror": true},
						{"origin": [1.49, 19.6178, -28.4185], "size": [1, 1, 0], "pivot": [1.99, 20.1178, -28.4185], "rotation": [0, 0, 45], "uv": [60, 73]},
						{"origin": [-3.02, 18.1078, -28.4185], "size": [2, 2, 0], "uv": [60, 73], "mirror": true},
						{"origin": [3.01, 20.7078, -25.29386], "size": [0, 3, 4], "pivot": [3, 22.0078, -23.79386], "rotation": [7.5, 0, 0], "uv": [0, 86]},
						{"origin": [3.02, 20.7078, -24.79386], "size": [0, 2, 1], "pivot": [3, 22.0078, -23.79386], "rotation": [7.5, 0, 0], "uv": [9, 89]},
						{"origin": [-3.01, 20.7078, -25.29386], "size": [0, 3, 4], "pivot": [-3, 22.0078, -23.79386], "rotation": [7.5, 0, 0], "uv": [0, 86], "mirror": true},
						{"origin": [-3.02, 20.7078, -24.79386], "size": [0, 2, 1], "pivot": [-3, 22.0078, -23.79386], "rotation": [7.5, 0, 0], "uv": [9, 89], "mirror": true},
						{"origin": [-3, 18.1078, -20.59386], "size": [6, 7, 5], "uv": [66, 30]}
					]
				},
				{
					"name": "hat",
					"parent": "head",
					"pivot": [0.26593, 24.97499, -18.85447],
					"rotation": [0, 180, 0],
					"cubes": [
						{"origin": [9.33374, 28, -26.57525], "size": [1, 11, 14], "uv": [16, 90]},
						{"origin": [-11.66626, 28, -27.57525], "size": [22, 0, 16], "inflate": 0.01, "uv": [68, 92], "mirror": true},
						{"origin": [1.33374, 28, -12.56525], "size": [9, 11, 1], "uv": [39, 115]},
						{"origin": [-11.66626, 28, -27.58525], "size": [9, 11, 1], "uv": [108, 19], "mirror": true},
						{"origin": [1.33374, 28, -27.58525], "size": [9, 11, 1], "uv": [108, 7]},
						{"origin": [-11.66626, 28, -26.57525], "size": [1, 11, 14], "uv": [16, 90], "mirror": true},
						{"origin": [-11.80085, 35.68283, -21.29558], "size": [0, 6, 2], "pivot": [-11.16626, 41.89152, -19.65], "rotation": [-32.5, 0, -12.5], "uv": [124, 48], "mirror": true},
						{"origin": [-11.92811, 42.44224, -21.15204], "size": [0, 6, 3], "pivot": [-11.92811, 42.44224, -19.65204], "rotation": [0, 0, -62.5], "uv": [118, 47], "mirror": true},
						{"origin": [-15.4723, 44.2894, -21.15204], "size": [0, 8, 3], "pivot": [-15.4723, 44.2894, -19.65204], "rotation": [0, 0, -12.5], "uv": [122, 54], "mirror": true},
						{"origin": [-11.80085, 35.68283, -20.00441], "size": [0, 6, 2], "pivot": [-11.16626, 41.89152, -19.65], "rotation": [32.5, 0, -12.5], "uv": [124, 39], "mirror": true},
						{"origin": [14.13979, 44.2894, -21.15204], "size": [0, 4, 3], "pivot": [14.13979, 44.2894, -19.65204], "rotation": [0, 0, 12.5], "uv": [116, 54]},
						{"origin": [15.91719, 45.21362, -21.15204], "size": [0, 4, 3], "pivot": [15.91719, 45.21362, -19.65204], "rotation": [0, 0, 12.5], "uv": [110, 54]},
						{"origin": [10.46834, 35.68283, -21.29558], "size": [0, 6, 2], "pivot": [9.83374, 41.89152, -19.65], "rotation": [-32.5, 0, 12.5], "uv": [124, 48]},
						{"origin": [10.59559, 42.44224, -21.15204], "size": [0, 6, 3], "pivot": [10.59559, 42.44224, -19.65204], "rotation": [0, 0, 62.5], "uv": [112, 47]},
						{"origin": [10.58155, 41.43268, -21.16204], "size": [0, 1, 3], "inflate": 0.01, "pivot": [10.58155, 42.33268, -19.76204], "rotation": [0, 0, 12.5], "uv": [122, 36]},
						{"origin": [10.46834, 35.68283, -20.00441], "size": [0, 6, 2], "pivot": [9.83374, 41.89152, -19.65], "rotation": [32.5, 0, 12.5], "uv": [124, 39]},
						{"origin": [-11.91406, 41.43268, -21.16204], "size": [0, 1, 3], "inflate": 0.01, "pivot": [-11.91406, 42.33268, -19.76204], "rotation": [0, 0, -12.5], "uv": [122, 36], "mirror": true},
						{"origin": [-11.66626, 28, -12.56525], "size": [9, 11, 1], "uv": [19, 115], "mirror": true},
						{"origin": [-12.26626, 39, -12.16525], "size": [2, 4, 0], "pivot": [-10.66626, 41, -11.56525], "rotation": [0, -40, 0], "uv": [2, 109], "mirror": true},
						{"origin": [8.93374, 39, -12.16525], "size": [2, 4, 0], "pivot": [9.33374, 41, -11.56525], "rotation": [0, 40, 0], "uv": [2, 109]},
						{"origin": [-12.26626, 39, -26.98525], "size": [2, 4, 0], "pivot": [-10.66626, 41, -27.58525], "rotation": [0, 40, 0], "uv": [2, 105], "mirror": true},
						{"origin": [8.93374, 39, -26.98525], "size": [2, 4, 0], "pivot": [9.33374, 41, -27.58525], "rotation": [0, -40, 0], "uv": [2, 105]},
						{"origin": [-3.66626, 28, -27.08525], "size": [6, 11, 0], "uv": [111, 74], "mirror": true},
						{"origin": [-3.66626, 28, -12.08525], "size": [6, 11, 0], "uv": [99, 74], "mirror": true},
						{"origin": [-7.66626, 25, -27.57525], "size": [14, 3, 16], "uv": [60, 109], "mirror": true},
						{"origin": [7.33374, 27, -16.57525], "size": [4, 3, 3], "pivot": [10.33374, 28.5, -15.07525], "rotation": [0, 0, 42.5], "uv": [64, 89], "mirror": true},
						{"origin": [12.08441, 26.93033, -16.07525], "size": [2, 2, 2], "pivot": [12.08441, 28.93033, -15.07525], "rotation": [0, 0, 90], "uv": [66, 95], "mirror": true},
						{"origin": [-12.66626, 27, -16.57525], "size": [3, 3, 3], "pivot": [-11.66626, 28.5, -15.07525], "rotation": [0, 0, -42.5], "uv": [51, 90]},
						{"origin": [-15.41692, 26.93033, -16.07525], "size": [2, 2, 2], "pivot": [-13.41692, 28.93033, -15.07525], "rotation": [0, 0, -90], "uv": [46, 89]},
						{"origin": [14.08441, 26.93033, -15.07525], "size": [2, 2, 0], "pivot": [12.08441, 28.93033, -15.07525], "rotation": [0, 0, 90], "uv": [64, 95], "mirror": true}
					]
				},
				{
					"name": "leg_right",
					"parent": "torso_up",
					"pivot": [-6.16667, 19.6078, -5.09386],
					"cubes": [
						{"origin": [-7.5, 9.1078, -6.59386], "size": [3, 2, 3], "uv": [80, 78], "mirror": true},
						{"origin": [-9, 11.1078, -8.09386], "size": [6, 10, 6], "uv": [0, 41], "mirror": true}
					]
				},
				{
					"name": "elbow_right",
					"parent": "leg_right",
					"pivot": [-6.25, 10.8578, -5.09386],
					"cubes": [
						{"origin": [-6.3, 0.1078, -9.59386], "size": [2, 2, 2], "uv": [80, 83], "mirror": true},
						{"origin": [-8.7, 0.1078, -9.59386], "size": [2, 2, 2], "uv": [54, 83], "mirror": true},
						{"origin": [-9, 0.1078, -7.59386], "size": [5, 10, 5], "uv": [66, 15], "mirror": true}
					]
				},
				{
					"name": "leg_left",
					"parent": "torso_up",
					"pivot": [6.16667, 19.6078, -5.09386],
					"cubes": [
						{"origin": [4.5, 9.1078, -6.59386], "size": [3, 2, 3], "uv": [80, 78]},
						{"origin": [3, 11.1078, -8.09386], "size": [6, 10, 6], "uv": [0, 41]}
					]
				},
				{
					"name": "elbow_left",
					"parent": "leg_left",
					"pivot": [6.25, 10.8578, -5.09386],
					"cubes": [
						{"origin": [4.3, 0.1078, -9.59386], "size": [2, 2, 2], "uv": [80, 83]},
						{"origin": [6.7, 0.1078, -9.59386], "size": [2, 2, 2], "uv": [54, 83]},
						{"origin": [4, 0.1078, -7.59386], "size": [5, 10, 5], "uv": [66, 15]}
					]
				},
				{
					"name": "tail",
					"parent": "torso",
					"pivot": [0, 20.4578, 10.13114],
					"cubes": [
						{"origin": [0, 18.4578, 9.63114], "size": [0, 2, 3], "pivot": [0, 19.4578, 11.13114], "rotation": [-32.5, 0, 0], "uv": [38, 73]}
					]
				},
				{
					"name": "back_leg_right",
					"parent": "body",
					"pivot": [-6.25, 17.8578, 6.40614],
					"cubes": [
						{"origin": [-9, 11.1078, 3.40614], "size": [6, 9, 6], "uv": [46, 0], "mirror": true},
						{"origin": [-8, 9.1078, 4.90614], "size": [3, 2, 3], "uv": [70, 10], "mirror": true}
					]
				},
				{
					"name": "back_knee_right",
					"parent": "back_leg_right",
					"pivot": [-6.5, 10.04343, 6.21349],
					"cubes": [
						{"origin": [-9, 0.1078, 3.90614], "size": [5, 10, 5], "uv": [48, 57], "mirror": true},
						{"origin": [-6.5, 9.77047, 8.89366], "size": [0, 2, 2], "pivot": [0, 10.77047, 9.89366], "rotation": [62.5, 0, 0], "uv": [44, 67], "mirror": true},
						{"origin": [-7.5, 8.6078, 8.90614], "size": [2, 2, 2], "pivot": [-6.5, 8.1078, 9.40614], "rotation": [35, 0, 0], "uv": [82, 72], "mirror": true},
						{"origin": [-8.7, 0.1078, 1.90614], "size": [2, 2, 2], "uv": [12, 81], "mirror": true},
						{"origin": [-6.3, 0.1078, 1.90614], "size": [2, 2, 2], "uv": [20, 81], "mirror": true}
					]
				},
				{
					"name": "back_leg_left",
					"parent": "body",
					"pivot": [6.25, 17.8578, 6.40614],
					"cubes": [
						{"origin": [3, 11.1078, 3.40614], "size": [6, 9, 6], "uv": [46, 0]},
						{"origin": [5, 9.1078, 4.90614], "size": [3, 2, 3], "uv": [70, 10]}
					]
				},
				{
					"name": "back_knee_left",
					"parent": "back_leg_left",
					"pivot": [6.5, 10.04343, 6.21349],
					"cubes": [
						{"origin": [4, 0.1078, 3.90614], "size": [5, 10, 5], "uv": [48, 57]},
						{"origin": [6.5, 9.77047, 8.89366], "size": [0, 2, 2], "pivot": [0, 10.77047, 9.89366], "rotation": [62.5, 0, 0], "uv": [44, 67]},
						{"origin": [5.5, 8.6078, 8.90614], "size": [2, 2, 2], "pivot": [6.5, 8.1078, 9.40614], "rotation": [35, 0, 0], "uv": [82, 72]},
						{"origin": [6.7, 0.1078, 1.90614], "size": [2, 2, 2], "uv": [12, 81]},
						{"origin": [4.3, 0.1078, 1.90614], "size": [2, 2, 2], "uv": [20, 81]}
					]
				}
			]
		}
	]
}